datetime,carbon_intensity_actual,avg_carbon_intensity_forecast
2023-12-14T00:00:00.000000000,635.78,561.53065
2023-12-14T01:00:00.000000000,620.52,572.34464
2023-12-14T02:00:00.000000000,609.96,573.37262
2023-12-14T03:00:00.000000000,602.61,581.68332
2023-12-14T04:00:00.000000000,598.34,564.68601
2023-12-14T05:00:00.000000000,591.98,596.85942
2023-12-14T06:00:00.000000000,585.29,579.36549
2023-12-14T07:00:00.000000000,573.29,574.34269
2023-12-14T08:00:00.000000000,585.03,586.64209
2023-12-14T09:00:00.000000000,597.18,558.27351
2023-12-14T10:00:00.000000000,604.5,587.07934
2023-12-14T11:00:00.000000000,620.69,593.13982
2023-12-14T12:00:00.000000000,621.71,597.03299
2023-12-14T13:00:00.000000000,608.38,604.17206
2023-12-14T14:00:00.000000000,597.32,609.03663
2023-12-14T15:00:00.000000000,603.4,582.40636
2023-12-14T16:00:00.000000000,625.91,598.22549
2023-12-14T17:00:00.000000000,641.41,593.37688
2023-12-14T18:00:00.000000000,645.63,587.43789
2023-12-14T19:00:00.000000000,643.75,560.24766
2023-12-14T20:00:00.000000000,644.26,607.16055
2023-12-14T21:00:00.000000000,642.15,557.37731
2023-12-14T22:00:00.000000000,642.67,583.13682
2023-12-14T23:00:00.000000000,629.68,593.83836
2023-12-15T00:00:00.000000000,611.15,550.28015
2023-12-15T01:00:00.000000000,581.59,556.66695
2023-12-15T02:00:00.000000000,547.59,563.86534
2023-12-15T03:00:00.000000000,543.97,575.73291
2023-12-15T04:00:00.000000000,551.37,540.63501
2023-12-15T05:00:00.000000000,558.65,585.20488
2023-12-15T06:00:00.000000000,545.31,570.79271
2023-12-15T07:00:00.000000000,542.19,568.56837
2023-12-15T08:00:00.000000000,538.88,577.44287
2023-12-15T09:00:00.000000000,566.16,541.27759
2023-12-15T10:00:00.000000000,586.16,583.36009
2023-12-15T11:00:00.000000000,588.06,586.36047
2023-12-15T12:00:00.000000000,578.24,601.30216
2023-12-15T13:00:00.000000000,595.56,603.72128
2023-12-15T14:00:00.000000000,614.6,618.77906
2023-12-15T15:00:00.000000000,622.97,565.232
2023-12-15T16:00:00.000000000,644.83,592.45108
2023-12-15T17:00:00.000000000,656.72,593.75397
2023-12-15T18:00:00.000000000,653.7,572.97798
2023-12-15T19:00:00.000000000,646.27,536.51196
2023-12-15T20:00:00.000000000,651.06,618.23102
2023-12-15T21:00:00.000000000,639.16,547.36364
2023-12-15T22:00:00.000000000,646.75,569.36981
2023-12-15T23:00:00.000000000,658.73,597.93126
2023-12-16T00:00:00.000000000,650.58,558.64346
2023-12-16T01:00:00.000000000,627.12,573.88558
2023-12-16T02:00:00.000000000,617.46,575.615
2023-12-16T03:00:00.000000000,588.08,582.42443
2023-12-16T04:00:00.000000000,602.59,560.80605
2023-12-16T05:00:00.000000000,601.27,598.44644
2023-12-16T06:00:00.000000000,594.0,583.01261
2023-12-16T07:00:00.000000000,578.87,574.51121
2023-12-16T08:00:00.000000000,579.61,590.94547
2023-12-16T09:00:00.000000000,580.87,565.17285
2023-12-16T10:00:00.000000000,572.81,594.96772
2023-12-16T11:00:00.000000000,593.59,595.46584
2023-12-16T12:00:00.000000000,604.03,610.77332
2023-12-16T13:00:00.000000000,577.36,613.56819
2023-12-16T14:00:00.000000000,544.57,623.65375
2023-12-16T15:00:00.000000000,572.58,590.35191
2023-12-16T16:00:00.000000000,563.75,596.9307
2023-12-16T17:00:00.000000000,565.68,601.56056
2023-12-16T18:00:00.000000000,562.79,586.0182
2023-12-16T19:00:00.000000000,552.03,561.94596
2023-12-16T20:00:00.000000000,541.82,628.5137
2023-12-16T21:00:00.000000000,541.25,557.44573
2023-12-16T22:00:00.000000000,542.87,581.56518
2023-12-16T23:00:00.000000000,543.81,606.08137
2023-12-17T00:00:00.000000000,546.75,548.75606
2023-12-17T01:00:00.000000000,570.33,562.82146
2023-12-17T02:00:00.000000000,589.57,558.52599
2023-12-17T03:00:00.000000000,602.75,569.70452
2023-12-17T04:00:00.000000000,599.1,546.07322
2023-12-17T05:00:00.000000000,590.89,592.60734
2023-12-17T06:00:00.000000000,617.14,567.94757
2023-12-17T07:00:00.000000000,595.09,563.77474
2023-12-17T08:00:00.000000000,583.67,577.35152
2023-12-17T09:00:00.000000000,599.27,548.4301
2023-12-17T10:00:00.000000000,599.78,575.8164
2023-12-17T11:00:00.000000000,600.58,587.93199
2023-12-17T12:00:00.000000000,622.67,579.00098
2023-12-17T13:00:00.000000000,631.03,588.90984
2023-12-17T14:00:00.000000000,604.83,597.65047
2023-12-17T15:00:00.000000000,585.8,567.8768
2023-12-17T16:00:00.000000000,585.98,586.61922
2023-12-17T17:00:00.000000000,600.08,569.70664
2023-12-17T18:00:00.000000000,605.55,571.42019
2023-12-17T19:00:00.000000000,592.4,539.20709
2023-12-17T20:00:00.000000000,549.52,593.85721
2023-12-17T21:00:00.000000000,555.03,545.22936
2023-12-17T22:00:00.000000000,550.57,579.82153
2023-12-17T23:00:00.000000000,522.19,579.41864
2023-12-18T00:00:00.000000000,547.4,556.49287
2023-12-18T01:00:00.000000000,523.42,569.17463
2023-12-18T02:00:00.000000000,491.18,567.26069
2023-12-18T03:00:00.000000000,494.7,576.56737
2023-12-18T04:00:00.000000000,494.6,555.98081
2023-12-18T05:00:00.000000000,504.06,593.85484
2023-12-18T06:00:00.000000000,474.96,575.1089
2023-12-18T07:00:00.000000000,430.45,568.89714
2023-12-18T08:00:00.000000000,436.8,583.45951
2023-12-18T09:00:00.000000000,436.58,555.92803
2023-12-18T10:00:00.000000000,485.5,583.55498
2023-12-18T11:00:00.000000000,502.93,589.22177
2023-12-18T12:00:00.000000000,520.33,592.81421
2023-12-18T13:00:00.000000000,568.96,599.24186
2023-12-18T14:00:00.000000000,561.13,605.89052
2023-12-18T15:00:00.000000000,557.73,579.60422
2023-12-18T16:00:00.000000000,557.9,591.04568
2023-12-18T17:00:00.000000000,572.76,583.8231
2023-12-18T18:00:00.000000000,579.38,579.15984
2023-12-18T19:00:00.000000000,572.88,553.292
2023-12-18T20:00:00.000000000,580.69,605.80055
2023-12-18T21:00:00.000000000,602.02,551.74684
2023-12-18T22:00:00.000000000,627.4,578.97773
2023-12-18T23:00:00.000000000,642.34,588.84274
2023-12-19T00:00:00.000000000,645.01,552.86177
2023-12-19T01:00:00.000000000,643.47,564.77091
2023-12-19T02:00:00.000000000,652.09,567.97759
2023-12-19T03:00:00.000000000,657.4,575.38147
2023-12-19T04:00:00.000000000,658.91,551.8255
2023-12-19T05:00:00.000000000,655.91,592.54068
2023-12-19T06:00:00.000000000,645.61,576.70949
2023-12-19T07:00:00.000000000,623.86,570.53364
2023-12-19T08:00:00.000000000,606.44,583.27113
2023-12-19T09:00:00.000000000,564.12,555.6827
2023-12-19T10:00:00.000000000,538.74,588.49428
2023-12-19T11:00:00.000000000,560.03,590.06011
2023-12-19T12:00:00.000000000,555.27,602.98757
2023-12-19T13:00:00.000000000,553.44,607.38376
2023-12-19T14:00:00.000000000,551.26,616.8539
2023-12-19T15:00:00.000000000,538.48,577.74081
2023-12-19T16:00:00.000000000,541.06,592.47139
2023-12-19T17:00:00.000000000,557.29,594.46167
2023-12-19T18:00:00.000000000,556.39,577.90985
2023-12-19T19:00:00.000000000,541.8,550.30168
2023-12-19T20:00:00.000000000,543.29,620.70077
2023-12-19T21:00:00.000000000,544.94,551.99658
2023-12-19T22:00:00.000000000,547.02,575.80556
2023-12-19T23:00:00.000000000,552.17,600.62555
2023-12-20T00:00:00.000000000,558.15,557.28002
2023-12-20T01:00:00.000000000,560.03,572.2861
2023-12-20T02:00:00.000000000,567.47,573.21634
2023-12-20T03:00:00.000000000,573.23,580.05416
2023-12-20T04:00:00.000000000,575.03,564.78853
2023-12-20T05:00:00.000000000,588.71,596.16154
2023-12-20T06:00:00.000000000,583.68,577.66313
2023-12-20T07:00:00.000000000,558.41,572.11017
2023-12-20T08:00:00.000000000,562.78,586.75043
2023-12-20T09:00:00.000000000,572.86,561.65495
2023-12-20T10:00:00.000000000,595.17,586.31772
2023-12-20T11:00:00.000000000,620.27,592.78274
2023-12-20T12:00:00.000000000,621.77,597.54193
2023-12-20T13:00:00.000000000,618.6,603.36828
2023-12-20T14:00:00.000000000,623.53,612.92764
2023-12-20T15:00:00.000000000,626.97,584.87935
2023-12-20T16:00:00.000000000,645.9,596.29018
2023-12-20T17:00:00.000000000,656.9,594.55535
2023-12-20T18:00:00.000000000,635.3,588.93271
2023-12-20T19:00:00.000000000,621.32,561.03526
2023-12-20T20:00:00.000000000,623.74,611.01179
2023-12-20T21:00:00.000000000,626.08,556.03106
2023-12-20T22:00:00.000000000,634.18,583.8342
2023-12-20T23:00:00.000000000,635.57,595.59254
2023-12-15T00:00:00.000000000,611.15,550.65643
2023-12-15T01:00:00.000000000,581.59,557.91772
2023-12-15T02:00:00.000000000,547.59,563.93143
2023-12-15T03:00:00.000000000,543.97,573.8424
2023-12-15T04:00:00.000000000,551.37,542.04461
2023-12-15T05:00:00.000000000,558.65,588.33849
2023-12-15T06:00:00.000000000,545.31,573.19736
2023-12-15T07:00:00.000000000,542.19,569.33658
2023-12-15T08:00:00.000000000,538.88,578.87795
2023-12-15T09:00:00.000000000,566.16,545.18184
2023-12-15T10:00:00.000000000,586.16,585.40792
2023-12-15T11:00:00.000000000,588.06,587.78042
2023-12-15T12:00:00.000000000,578.24,602.12656
2023-12-15T13:00:00.000000000,595.56,605.23319
2023-12-15T14:00:00.000000000,614.6,616.8183
2023-12-15T15:00:00.000000000,622.97,567.37732
2023-12-15T16:00:00.000000000,644.83,591.49707
2023-12-15T17:00:00.000000000,656.72,591.16995
2023-12-15T18:00:00.000000000,653.7,570.63293
2023-12-15T19:00:00.000000000,646.27,538.32331
2023-12-15T20:00:00.000000000,651.06,620.00495
2023-12-15T21:00:00.000000000,639.16,548.05304
2023-12-15T22:00:00.000000000,646.75,570.53098
2023-12-15T23:00:00.000000000,658.73,598.98103
2023-12-16T00:00:00.000000000,650.58,556.90975
2023-12-16T01:00:00.000000000,627.12,562.55319
2023-12-16T02:00:00.000000000,617.46,571.97016
2023-12-16T03:00:00.000000000,588.08,584.37605
2023-12-16T04:00:00.000000000,602.59,552.3661
2023-12-16T05:00:00.000000000,601.27,588.77533
2023-12-16T06:00:00.000000000,594.0,573.50904
2023-12-16T07:00:00.000000000,578.87,573.78948
2023-12-16T08:00:00.000000000,579.61,582.27862
2023-12-16T09:00:00.000000000,580.87,540.71411
2023-12-16T10:00:00.000000000,572.81,584.08075
2023-12-16T11:00:00.000000000,593.59,591.23713
2023-12-16T12:00:00.000000000,604.03,606.10543
2023-12-16T13:00:00.000000000,577.36,605.35989
2023-12-16T14:00:00.000000000,544.57,624.80258
2023-12-16T15:00:00.000000000,572.58,568.64183
2023-12-16T16:00:00.000000000,563.75,600.19683
2023-12-16T17:00:00.000000000,565.68,602.17972
2023-12-16T18:00:00.000000000,562.79,583.45922
2023-12-16T19:00:00.000000000,552.03,543.343
2023-12-16T20:00:00.000000000,541.82,620.43737
2023-12-16T21:00:00.000000000,541.25,551.41128
2023-12-16T22:00:00.000000000,542.87,575.53507
2023-12-16T23:00:00.000000000,543.81,601.88545
2023-12-17T00:00:00.000000000,546.75,548.13514
2023-12-17T01:00:00.000000000,570.33,558.8709
2023-12-17T02:00:00.000000000,589.57,557.76958
2023-12-17T03:00:00.000000000,602.75,569.39197
2023-12-17T04:00:00.000000000,599.1,537.46603
2023-12-17T05:00:00.000000000,590.89,592.33786
2023-12-17T06:00:00.000000000,617.14,570.24791
2023-12-17T07:00:00.000000000,595.09,565.35817
2023-12-17T08:00:00.000000000,583.67,577.34249
2023-12-17T09:00:00.000000000,599.27,544.01344
2023-12-17T10:00:00.000000000,599.78,581.09115
2023-12-17T11:00:00.000000000,600.58,589.12767
2023-12-17T12:00:00.000000000,622.67,590.46068
2023-12-17T13:00:00.000000000,631.03,596.46324
2023-12-17T14:00:00.000000000,604.83,605.53683
2023-12-17T15:00:00.000000000,585.8,564.85956
2023-12-17T16:00:00.000000000,585.98,586.39121
2023-12-17T17:00:00.000000000,600.08,573.36215
2023-12-17T18:00:00.000000000,605.55,562.96614
2023-12-17T19:00:00.000000000,592.4,531.75977
2023-12-17T20:00:00.000000000,549.52,608.73013
2023-12-17T21:00:00.000000000,555.03,543.56228
2023-12-17T22:00:00.000000000,550.57,574.59982
2023-12-17T23:00:00.000000000,522.19,588.3483
2023-12-18T00:00:00.000000000,547.4,546.3698
2023-12-18T01:00:00.000000000,523.42,558.42351
2023-12-18T02:00:00.000000000,491.18,556.29199
2023-12-18T03:00:00.000000000,494.7,571.345
2023-12-18T04:00:00.000000000,494.6,535.71482
2023-12-18T05:00:00.000000000,504.06,594.92038
2023-12-18T06:00:00.000000000,474.96,563.28596
2023-12-18T07:00:00.000000000,430.45,562.96358
2023-12-18T08:00:00.000000000,436.8,575.14624
2023-12-18T09:00:00.000000000,436.58,534.97747
2023-12-18T10:00:00.000000000,485.5,570.25093
2023-12-18T11:00:00.000000000,502.93,594.32017
2023-12-18T12:00:00.000000000,520.33,577.2992
2023-12-18T13:00:00.000000000,568.96,581.33582
2023-12-18T14:00:00.000000000,561.13,599.57268
2023-12-18T15:00:00.000000000,557.73,556.42372
2023-12-18T16:00:00.000000000,557.9,589.71477
2023-12-18T17:00:00.000000000,572.76,559.25806
2023-12-18T18:00:00.000000000,579.38,563.35584
2023-12-18T19:00:00.000000000,572.88,519.14462
2023-12-18T20:00:00.000000000,580.69,591.87676
2023-12-18T21:00:00.000000000,602.02,539.46321
2023-12-18T22:00:00.000000000,627.4,584.09914
2023-12-18T23:00:00.000000000,642.34,574.98102
2023-12-19T00:00:00.000000000,645.01,548.31022
2023-12-19T01:00:00.000000000,643.47,553.4465
2023-12-19T02:00:00.000000000,652.09,560.35738
2023-12-19T03:00:00.000000000,657.4,580.39163
2023-12-19T04:00:00.000000000,658.91,536.96591
2023-12-19T05:00:00.000000000,655.91,584.10721
2023-12-19T06:00:00.000000000,645.61,565.44577
2023-12-19T07:00:00.000000000,623.86,566.77636
2023-12-19T08:00:00.000000000,606.44,573.01713
2023-12-19T09:00:00.000000000,564.12,529.64347
2023-12-19T10:00:00.000000000,538.74,581.91359
2023-12-19T11:00:00.000000000,560.03,585.76922
2023-12-19T12:00:00.000000000,555.27,596.92975
2023-12-19T13:00:00.000000000,553.44,602.4793
2023-12-19T14:00:00.000000000,551.26,623.40802
2023-12-19T15:00:00.000000000,538.48,558.4042
2023-12-19T16:00:00.000000000,541.06,590.99218
2023-12-19T17:00:00.000000000,557.29,597.20232
2023-12-19T18:00:00.000000000,556.39,574.31617
2023-12-19T19:00:00.000000000,541.8,529.40527
2023-12-19T20:00:00.000000000,543.29,618.4996
2023-12-19T21:00:00.000000000,544.94,542.4347
2023-12-19T22:00:00.000000000,547.02,568.62419
2023-12-19T23:00:00.000000000,552.17,599.46576
2023-12-20T00:00:00.000000000,558.15,556.57653
2023-12-20T01:00:00.000000000,560.03,558.79136
2023-12-20T02:00:00.000000000,567.47,566.0734
2023-12-20T03:00:00.000000000,573.23,579.88504
2023-12-20T04:00:00.000000000,575.03,540.3804
2023-12-20T05:00:00.000000000,588.71,591.58929
2023-12-20T06:00:00.000000000,583.68,579.20405
2023-12-20T07:00:00.000000000,558.41,575.24714
2023-12-20T08:00:00.000000000,562.78,582.13798
2023-12-20T09:00:00.000000000,572.86,538.37452
2023-12-20T10:00:00.000000000,595.17,593.98062
2023-12-20T11:00:00.000000000,620.27,591.71857
2023-12-20T12:00:00.000000000,621.77,613.41844
2023-12-20T13:00:00.000000000,618.6,617.07227
2023-12-20T14:00:00.000000000,623.53,627.08291
2023-12-20T15:00:00.000000000,626.97,563.18829
2023-12-20T16:00:00.000000000,645.9,596.85829
2023-12-20T17:00:00.000000000,656.9,602.93248
2023-12-20T18:00:00.000000000,635.3,570.6319
2023-12-20T19:00:00.000000000,621.32,536.38041
2023-12-20T20:00:00.000000000,623.74,633.16505
2023-12-20T21:00:00.000000000,626.08,549.41231
2023-12-20T22:00:00.000000000,634.18,569.49538
2023-12-20T23:00:00.000000000,635.57,611.49493
2023-12-21T00:00:00.000000000,628.45,550.88166
2023-12-21T01:00:00.000000000,634.68,555.20147
2023-12-21T02:00:00.000000000,631.82,563.17811
2023-12-21T03:00:00.000000000,612.37,583.07164
2023-12-21T04:00:00.000000000,610.85,538.90044
2023-12-21T05:00:00.000000000,621.7,585.47253
2023-12-21T06:00:00.000000000,615.18,568.10079
2023-12-21T07:00:00.000000000,609.38,569.15901
2023-12-21T08:00:00.000000000,598.54,575.2911
2023-12-21T09:00:00.000000000,609.68,530.49491
2023-12-21T10:00:00.000000000,617.4,584.44639
2023-12-21T11:00:00.000000000,617.62,587.66893
2023-12-21T12:00:00.000000000,612.99,601.48621
2023-12-21T13:00:00.000000000,609.78,605.79147
2023-12-21T14:00:00.000000000,620.66,626.77762
2023-12-21T15:00:00.000000000,622.02,560.30307
2023-12-21T16:00:00.000000000,626.49,593.89339
2023-12-21T17:00:00.000000000,637.22,601.14032
2023-12-21T18:00:00.000000000,638.01,576.18916
2023-12-21T19:00:00.000000000,637.94,531.49628
2023-12-21T20:00:00.000000000,644.71,622.40434
2023-12-21T21:00:00.000000000,647.78,544.49421
2023-12-21T22:00:00.000000000,649.36,569.60371
2023-12-21T23:00:00.000000000,643.85,602.65597
2023-12-16T00:00:00.000000000,650.58,558.79833
2023-12-16T01:00:00.000000000,627.12,569.63531
2023-12-16T02:00:00.000000000,617.46,572.10514
2023-12-16T03:00:00.000000000,588.08,580.21695
2023-12-16T04:00:00.000000000,602.59,557.75495
2023-12-16T05:00:00.000000000,601.27,596.73196
2023-12-16T06:00:00.000000000,594.0,585.17095
2023-12-16T07:00:00.000000000,578.87,575.77207
2023-12-16T08:00:00.000000000,579.61,588.92175
2023-12-16T09:00:00.000000000,580.87,556.7856
2023-12-16T10:00:00.000000000,572.81,597.59248
2023-12-16T11:00:00.000000000,593.59,595.26563
2023-12-16T12:00:00.000000000,604.03,613.46677
2023-12-16T13:00:00.000000000,577.36,619.54047
2023-12-16T14:00:00.000000000,544.57,626.13753
2023-12-16T15:00:00.000000000,572.58,578.55717
2023-12-16T16:00:00.000000000,563.75,600.45746
2023-12-16T17:00:00.000000000,565.68,610.85759
2023-12-16T18:00:00.000000000,562.79,586.2657
2023-12-16T19:00:00.000000000,552.03,557.29981
2023-12-16T20:00:00.000000000,541.82,630.55772
2023-12-16T21:00:00.000000000,541.25,556.54183
2023-12-16T22:00:00.000000000,542.87,580.09214
2023-12-16T23:00:00.000000000,543.81,613.51585
2023-12-17T00:00:00.000000000,546.75,546.41679
2023-12-17T01:00:00.000000000,570.33,559.81061
2023-12-17T02:00:00.000000000,589.57,556.50687
2023-12-17T03:00:00.000000000,602.75,574.2485
2023-12-17T04:00:00.000000000,599.1,542.23514
2023-12-17T05:00:00.000000000,590.89,586.90055
2023-12-17T06:00:00.000000000,617.14,564.00543
2023-12-17T07:00:00.000000000,595.09,560.82948
2023-12-17T08:00:00.000000000,583.67,574.28531
2023-12-17T09:00:00.000000000,599.27,538.08087
2023-12-17T10:00:00.000000000,599.78,576.77496
2023-12-17T11:00:00.000000000,600.58,586.97401
2023-12-17T12:00:00.000000000,622.67,583.80687
2023-12-17T13:00:00.000000000,631.03,591.8946
2023-12-17T14:00:00.000000000,604.83,609.73349
2023-12-17T15:00:00.000000000,585.8,563.633
2023-12-17T16:00:00.000000000,585.98,587.82553
2023-12-17T17:00:00.000000000,600.08,585.36281
2023-12-17T18:00:00.000000000,605.55,578.24492
2023-12-17T19:00:00.000000000,592.4,535.54159
2023-12-17T20:00:00.000000000,549.52,601.78582
2023-12-17T21:00:00.000000000,555.03,542.03429
2023-12-17T22:00:00.000000000,550.57,577.6052
2023-12-17T23:00:00.000000000,522.19,587.8301
2023-12-18T00:00:00.000000000,547.4,548.50066
2023-12-18T01:00:00.000000000,523.42,545.09622
2023-12-18T02:00:00.000000000,491.18,552.0387
2023-12-18T03:00:00.000000000,494.7,573.44778
2023-12-18T04:00:00.000000000,494.6,514.05677
2023-12-18T05:00:00.000000000,504.06,589.92297
2023-12-18T06:00:00.000000000,474.96,568.23565
2023-12-18T07:00:00.000000000,430.45,568.27822
2023-12-18T08:00:00.000000000,436.8,571.30069
2023-12-18T09:00:00.000000000,436.58,518.43687
2023-12-18T10:00:00.000000000,485.5,584.35488
2023-12-18T11:00:00.000000000,502.93,590.92427
2023-12-18T12:00:00.000000000,520.33,600.01357
2023-12-18T13:00:00.000000000,568.96,602.5785
2023-12-18T14:00:00.000000000,561.13,615.78741
2023-12-18T15:00:00.000000000,557.73,544.29651
2023-12-18T16:00:00.000000000,557.9,587.86304
2023-12-18T17:00:00.000000000,572.76,574.4025
2023-12-18T18:00:00.000000000,579.38,544.61585
2023-12-18T19:00:00.000000000,572.88,503.17387
2023-12-18T20:00:00.000000000,580.69,623.33095
2023-12-18T21:00:00.000000000,602.02,536.74294
2023-12-18T22:00:00.000000000,627.4,563.80704
2023-12-18T23:00:00.000000000,642.34,596.5415
2023-12-19T00:00:00.000000000,645.01,552.10328
2023-12-19T01:00:00.000000000,643.47,559.89125
2023-12-19T02:00:00.000000000,652.09,564.77433
2023-12-19T03:00:00.000000000,657.4,583.42412
2023-12-19T04:00:00.000000000,658.91,542.49033
2023-12-19T05:00:00.000000000,655.91,589.0086
2023-12-19T06:00:00.000000000,645.61,572.33641
2023-12-19T07:00:00.000000000,623.86,569.6962
2023-12-19T08:00:00.000000000,606.44,578.75706
2023-12-19T09:00:00.000000000,564.12,538.58125
2023-12-19T10:00:00.000000000,538.74,589.98871
2023-12-19T11:00:00.000000000,560.03,589.0903
2023-12-19T12:00:00.000000000,555.27,605.87895
2023-12-19T13:00:00.000000000,553.44,611.26536
2023-12-19T14:00:00.000000000,551.26,628.62886
2023-12-19T15:00:00.000000000,538.48,568.8299
2023-12-19T16:00:00.000000000,541.06,592.86985
2023-12-19T17:00:00.000000000,557.29,604.06407
2023-12-19T18:00:00.000000000,556.39,577.54638
2023-12-19T19:00:00.000000000,541.8,539.35988
2023-12-19T20:00:00.000000000,543.29,628.55046
2023-12-19T21:00:00.000000000,544.94,546.48315
2023-12-19T22:00:00.000000000,547.02,571.40631
2023-12-19T23:00:00.000000000,552.17,606.85183
2023-12-20T00:00:00.000000000,558.15,561.34093
2023-12-20T01:00:00.000000000,560.03,577.74619
2023-12-20T02:00:00.000000000,567.47,577.68155
2023-12-20T03:00:00.000000000,573.23,583.51478
2023-12-20T04:00:00.000000000,575.03,573.23528
2023-12-20T05:00:00.000000000,588.71,601.79216
2023-12-20T06:00:00.000000000,583.68,587.03804
2023-12-20T07:00:00.000000000,558.41,577.02394
2023-12-20T08:00:00.000000000,562.78,592.6065
2023-12-20T09:00:00.000000000,572.86,568.8736
2023-12-20T10:00:00.000000000,595.17,598.41622
2023-12-20T11:00:00.000000000,620.27,597.67372
2023-12-20T12:00:00.000000000,621.77,609.44143
2023-12-20T13:00:00.000000000,618.6,618.77374
2023-12-20T14:00:00.000000000,623.53,623.43356
2023-12-20T15:00:00.000000000,626.97,591.28537
2023-12-20T16:00:00.000000000,645.9,602.21737
2023-12-20T17:00:00.000000000,656.9,614.10298
2023-12-20T18:00:00.000000000,635.3,598.0026
2023-12-20T19:00:00.000000000,621.32,572.65874
2023-12-20T20:00:00.000000000,623.74,625.06971
2023-12-20T21:00:00.000000000,626.08,561.4423
2023-12-20T22:00:00.000000000,634.18,588.38679
2023-12-20T23:00:00.000000000,635.57,611.98313
2023-12-21T00:00:00.000000000,628.45,562.02666
2023-12-21T01:00:00.000000000,634.68,579.11371
2023-12-21T02:00:00.000000000,631.82,573.19279
2023-12-21T03:00:00.000000000,612.37,583.95234
2023-12-21T04:00:00.000000000,610.85,581.33484
2023-12-21T05:00:00.000000000,621.7,596.69885
2023-12-21T06:00:00.000000000,615.18,581.51035
2023-12-21T07:00:00.000000000,609.38,570.53194
2023-12-21T08:00:00.000000000,598.54,587.9127
2023-12-21T09:00:00.000000000,609.68,570.3094
2023-12-21T10:00:00.000000000,617.4,590.05933
2023-12-21T11:00:00.000000000,617.62,591.77247
2023-12-21T12:00:00.000000000,612.99,588.99116
2023-12-21T13:00:00.000000000,609.78,605.3284
2023-12-21T14:00:00.000000000,620.66,607.9143
2023-12-21T15:00:00.000000000,622.02,595.02142
2023-12-21T16:00:00.000000000,626.49,599.34091
2023-12-21T17:00:00.000000000,637.22,611.18482
2023-12-21T18:00:00.000000000,638.01,609.91783
2023-12-21T19:00:00.000000000,637.94,582.74573
2023-12-21T20:00:00.000000000,644.71,600.55475
2023-12-21T21:00:00.000000000,647.78,563.66958
2023-12-21T22:00:00.000000000,649.36,591.28835
2023-12-21T23:00:00.000000000,643.85,596.50364
2023-12-22T00:00:00.000000000,636.99,565.63509
2023-12-22T01:00:00.000000000,641.11,579.69309
2023-12-22T02:00:00.000000000,635.95,576.77574
2023-12-22T03:00:00.000000000,632.37,586.29065
2023-12-22T04:00:00.000000000,630.61,582.01643
2023-12-22T05:00:00.000000000,630.51,599.93195
2023-12-22T06:00:00.000000000,598.68,585.33985
2023-12-22T07:00:00.000000000,579.88,574.96708
2023-12-22T08:00:00.000000000,592.17,590.01103
2023-12-22T09:00:00.000000000,607.12,569.9889
2023-12-22T10:00:00.000000000,608.15,593.45615
2023-12-22T11:00:00.000000000,619.47,595.4541
2023-12-22T12:00:00.000000000,639.9,595.39921
2023-12-22T13:00:00.000000000,655.7,610.00433
2023-12-22T14:00:00.000000000,663.0,609.25347
2023-12-22T15:00:00.000000000,683.71,595.08302
2023-12-22T16:00:00.000000000,692.74,602.82076
2023-12-22T17:00:00.000000000,678.59,611.65905
2023-12-22T18:00:00.000000000,678.17,607.40166
2023-12-22T19:00:00.000000000,690.26,581.77477
2023-12-22T20:00:00.000000000,694.67,605.13258
2023-12-22T21:00:00.000000000,694.78,565.86312
2023-12-22T22:00:00.000000000,696.05,591.35085
2023-12-22T23:00:00.000000000,698.72,600.08161
2023-12-17T00:00:00.000000000,546.75,558.28149
2023-12-17T01:00:00.000000000,570.33,577.23028
2023-12-17T02:00:00.000000000,589.57,573.11202
2023-12-17T03:00:00.000000000,602.75,584.27041
2023-12-17T04:00:00.000000000,599.1,575.95999
2023-12-17T05:00:00.000000000,590.89,594.95089
2023-12-17T06:00:00.000000000,617.14,580.91824
2023-12-17T07:00:00.000000000,595.09,568.1049
2023-12-17T08:00:00.000000000,583.67,587.15213
2023-12-17T09:00:00.000000000,599.27,569.31298
2023-12-17T10:00:00.000000000,599.78,593.59025
2023-12-17T11:00:00.000000000,600.58,592.06055
2023-12-17T12:00:00.000000000,622.67,599.65796
2023-12-17T13:00:00.000000000,631.03,610.87514
2023-12-17T14:00:00.000000000,604.83,618.59935
2023-12-17T15:00:00.000000000,585.8,597.11374
2023-12-17T16:00:00.000000000,585.98,597.8956
2023-12-17T17:00:00.000000000,600.08,618.17934
2023-12-17T18:00:00.000000000,605.55,607.17767
2023-12-17T19:00:00.000000000,592.4,579.2175
2023-12-17T20:00:00.000000000,549.52,614.3445
2023-12-17T21:00:00.000000000,555.03,560.40376
2023-12-17T22:00:00.000000000,550.57,588.81116
2023-12-17T23:00:00.000000000,522.19,604.25653
2023-12-18T00:00:00.000000000,547.4,563.04147
2023-12-18T01:00:00.000000000,523.42,578.87512
2023-12-18T02:00:00.000000000,491.18,575.08391
2023-12-18T03:00:00.000000000,494.7,584.27018
2023-12-18T04:00:00.000000000,494.6,576.57828
2023-12-18T05:00:00.000000000,504.06,602.70031
2023-12-18T06:00:00.000000000,474.96,583.49118
2023-12-18T07:00:00.000000000,430.45,574.4221
2023-12-18T08:00:00.000000000,436.8,589.0307
2023-12-18T09:00:00.000000000,436.58,568.63521
2023-12-18T10:00:00.000000000,485.5,591.99085
2023-12-18T11:00:00.000000000,502.93,596.07646
2023-12-18T12:00:00.000000000,520.33,593.07614
2023-12-18T13:00:00.000000000,568.96,607.97812
2023-12-18T14:00:00.000000000,561.13,607.74598
2023-12-18T15:00:00.000000000,557.73,592.55442
2023-12-18T16:00:00.000000000,557.9,600.06762
2023-12-18T17:00:00.000000000,572.76,600.9819
2023-12-18T18:00:00.000000000,579.38,598.76959
2023-12-18T19:00:00.000000000,572.88,574.19337
2023-12-18T20:00:00.000000000,580.69,604.29196
2023-12-18T21:00:00.000000000,602.02,561.45005
2023-12-18T22:00:00.000000000,627.4,591.80611
2023-12-18T23:00:00.000000000,642.34,596.44314
2023-12-19T00:00:00.000000000,645.01,560.46777
2023-12-19T01:00:00.000000000,643.47,577.08152
2023-12-19T02:00:00.000000000,652.09,573.76978
2023-12-19T03:00:00.000000000,657.4,583.17844
2023-12-19T04:00:00.000000000,658.91,577.29983
2023-12-19T05:00:00.000000000,655.91,596.77578
2023-12-19T06:00:00.000000000,645.61,582.35103
2023-12-19T07:00:00.000000000,623.86,571.02604
2023-12-19T08:00:00.000000000,606.44,587.73426
2023-12-19T09:00:00.000000000,564.12,568.98699
2023-12-19T10:00:00.000000000,538.74,591.49446
2023-12-19T11:00:00.000000000,560.03,593.15515
2023-12-19T12:00:00.000000000,555.27,595.24949
2023-12-19T13:00:00.000000000,553.44,608.5403
2023-12-19T14:00:00.000000000,551.26,611.94123
2023-12-19T15:00:00.000000000,538.48,593.53967
2023-12-19T16:00:00.000000000,541.06,600.50148
2023-12-19T17:00:00.000000000,557.29,611.7051
2023-12-19T18:00:00.000000000,556.39,605.22588
2023-12-19T19:00:00.000000000,541.8,577.71443
2023-12-19T20:00:00.000000000,543.29,606.77048
2023-12-19T21:00:00.000000000,544.94,562.18709
2023-12-19T22:00:00.000000000,547.02,590.29219
2023-12-19T23:00:00.000000000,552.17,599.88788
2023-12-20T00:00:00.000000000,558.15,572.06893
2023-12-20T01:00:00.000000000,560.03,584.3504
2023-12-20T02:00:00.000000000,567.47,583.55489
2023-12-20T03:00:00.000000000,573.23,590.6305
2023-12-20T04:00:00.000000000,575.03,586.98887
2023-12-20T05:00:00.000000000,588.71,609.2524
2023-12-20T06:00:00.000000000,583.68,590.67946
2023-12-20T07:00:00.000000000,558.41,582.88206
2023-12-20T08:00:00.000000000,562.78,595.14815
2023-12-20T09:00:00.000000000,572.86,573.89697
2023-12-20T10:00:00.000000000,595.17,595.90057
2023-12-20T11:00:00.000000000,620.27,600.67809
2023-12-20T12:00:00.000000000,621.77,597.38793
2023-12-20T13:00:00.000000000,618.6,612.71857
2023-12-20T14:00:00.000000000,623.53,607.15396
2023-12-20T15:00:00.000000000,626.97,597.40725
2023-12-20T16:00:00.000000000,645.9,606.37921
2023-12-20T17:00:00.000000000,656.9,602.28363
2023-12-20T18:00:00.000000000,635.3,602.23472
2023-12-20T19:00:00.000000000,621.32,582.44416
2023-12-20T20:00:00.000000000,623.74,605.31379
2023-12-20T21:00:00.000000000,626.08,568.71179
2023-12-20T22:00:00.000000000,634.18,594.93591
2023-12-20T23:00:00.000000000,635.57,598.15773
2023-12-21T00:00:00.000000000,628.45,572.42337
2023-12-21T01:00:00.000000000,634.68,582.31182
2023-12-21T02:00:00.000000000,631.82,578.26415
2023-12-21T03:00:00.000000000,612.37,593.22322
2023-12-21T04:00:00.000000000,610.85,592.28552
2023-12-21T05:00:00.000000000,621.7,599.91735
2023-12-21T06:00:00.000000000,615.18,584.38736
2023-12-21T07:00:00.000000000,609.38,574.42806
2023-12-21T08:00:00.000000000,598.54,589.46884
2023-12-21T09:00:00.000000000,609.68,573.48833
2023-12-21T10:00:00.000000000,617.4,588.63582
2023-12-21T11:00:00.000000000,617.62,593.28208
2023-12-21T12:00:00.000000000,612.99,581.19969
2023-12-21T13:00:00.000000000,609.78,599.63243
2023-12-21T14:00:00.000000000,620.66,596.91908
2023-12-21T15:00:00.000000000,622.02,603.33045
2023-12-21T16:00:00.000000000,626.49,601.38505
2023-12-21T17:00:00.000000000,637.22,605.17822
2023-12-21T18:00:00.000000000,638.01,614.81809
2023-12-21T19:00:00.000000000,637.94,592.44466
2023-12-21T20:00:00.000000000,644.71,589.62764
2023-12-21T21:00:00.000000000,647.78,571.53437
2023-12-21T22:00:00.000000000,649.36,592.48712
2023-12-21T23:00:00.000000000,643.85,586.61202
2023-12-22T00:00:00.000000000,636.99,569.54767
2023-12-22T01:00:00.000000000,641.11,576.80767
2023-12-22T02:00:00.000000000,635.95,578.43131
2023-12-22T03:00:00.000000000,632.37,590.36394
2023-12-22T04:00:00.000000000,630.61,582.72913
2023-12-22T05:00:00.000000000,630.51,597.95821
2023-12-22T06:00:00.000000000,598.68,586.87247
2023-12-22T07:00:00.000000000,579.88,578.09794
2023-12-22T08:00:00.000000000,592.17,589.66526
2023-12-22T09:00:00.000000000,607.12,563.82231
2023-12-22T10:00:00.000000000,608.15,593.96604
2023-12-22T11:00:00.000000000,619.47,595.35883
2023-12-22T12:00:00.000000000,639.9,599.13633
2023-12-22T13:00:00.000000000,655.7,611.8748
2023-12-22T14:00:00.000000000,663.0,610.68178
2023-12-22T15:00:00.000000000,683.71,591.68672
2023-12-22T16:00:00.000000000,692.74,605.43075
2023-12-22T17:00:00.000000000,678.59,615.96643
2023-12-22T18:00:00.000000000,678.17,607.49747
2023-12-22T19:00:00.000000000,690.26,580.74932
2023-12-22T20:00:00.000000000,694.67,608.49556
2023-12-22T21:00:00.000000000,694.78,568.51342
2023-12-22T22:00:00.000000000,696.05,587.26818
2023-12-22T23:00:00.000000000,698.72,602.73357
2023-12-23T00:00:00.000000000,696.11,569.8952
2023-12-23T01:00:00.000000000,692.68,580.61377
2023-12-23T02:00:00.000000000,704.81,579.36748
2023-12-23T03:00:00.000000000,707.5,594.26531
2023-12-23T04:00:00.000000000,729.02,590.43237
2023-12-23T05:00:00.000000000,720.34,598.22468
2023-12-23T06:00:00.000000000,707.21,585.74652
2023-12-23T07:00:00.000000000,708.38,574.76646
2023-12-23T08:00:00.000000000,709.51,590.7876
2023-12-23T09:00:00.000000000,707.09,567.66025
2023-12-23T10:00:00.000000000,705.68,591.03507
2023-12-23T11:00:00.000000000,710.76,597.7676
2023-12-23T12:00:00.000000000,710.92,593.27002
2023-12-23T13:00:00.000000000,700.95,605.22842
2023-12-23T14:00:00.000000000,701.98,609.5023
2023-12-23T15:00:00.000000000,705.92,599.06634
2023-12-23T16:00:00.000000000,713.28,607.30842
2023-12-23T17:00:00.000000000,684.78,618.78996
2023-12-23T18:00:00.000000000,662.42,618.8633
2023-12-23T19:00:00.000000000,677.38,588.1543
2023-12-23T20:00:00.000000000,670.76,602.78568
2023-12-23T21:00:00.000000000,639.49,571.19964
2023-12-23T22:00:00.000000000,606.78,594.54433
2023-12-23T23:00:00.000000000,588.77,598.8283
2023-12-18T00:00:00.000000000,547.4,568.55839
2023-12-18T01:00:00.000000000,523.42,576.11584
2023-12-18T02:00:00.000000000,491.18,575.53154
2023-12-18T03:00:00.000000000,494.7,585.07887
2023-12-18T04:00:00.000000000,494.6,577.46292
2023-12-18T05:00:00.000000000,504.06,599.6892
2023-12-18T06:00:00.000000000,474.96,588.34592
2023-12-18T07:00:00.000000000,430.45,577.84787
2023-12-18T08:00:00.000000000,436.8,589.34034
2023-12-18T09:00:00.000000000,436.58,567.16204
2023-12-18T10:00:00.000000000,485.5,596.63673
2023-12-18T11:00:00.000000000,502.93,593.75163
2023-12-18T12:00:00.000000000,520.33,598.59972
2023-12-18T13:00:00.000000000,568.96,614.76115
2023-12-18T14:00:00.000000000,561.13,607.04328
2023-12-18T15:00:00.000000000,557.73,590.85995
2023-12-18T16:00:00.000000000,557.9,601.97921
2023-12-18T17:00:00.000000000,572.76,610.39449
2023-12-18T18:00:00.000000000,579.38,599.37651
2023-12-18T19:00:00.000000000,572.88,578.35155
2023-12-18T20:00:00.000000000,580.69,608.36129
2023-12-18T21:00:00.000000000,602.02,566.57275
2023-12-18T22:00:00.000000000,627.4,584.98132
2023-12-18T23:00:00.000000000,642.34,602.11809
2023-12-19T00:00:00.000000000,645.01,577.88339
2023-12-19T01:00:00.000000000,643.47,586.78117
2023-12-19T02:00:00.000000000,652.09,582.64772
2023-12-19T03:00:00.000000000,657.4,602.41964
2023-12-19T04:00:00.000000000,658.91,603.46629
2023-12-19T05:00:00.000000000,655.91,602.14874
2023-12-19T06:00:00.000000000,645.61,589.64065
2023-12-19T07:00:00.000000000,623.86,575.30212
2023-12-19T08:00:00.000000000,606.44,594.46537
2023-12-19T09:00:00.000000000,564.12,577.1131
2023-12-19T10:00:00.000000000,538.74,593.19563
2023-12-19T11:00:00.000000000,560.03,601.37169
2023-12-19T12:00:00.000000000,555.27,586.15007
2023-12-19T13:00:00.000000000,553.44,600.83906
2023-12-19T14:00:00.000000000,551.26,603.20083
2023-12-19T15:00:00.000000000,538.48,614.7855
2023-12-19T16:00:00.000000000,541.06,609.52712
2023-12-19T17:00:00.000000000,557.29,622.06751
2023-12-19T18:00:00.000000000,556.39,631.60003
2023-12-19T19:00:00.000000000,541.8,604.01716
2023-12-19T20:00:00.000000000,543.29,596.40135
2023-12-19T21:00:00.000000000,544.94,580.46043
2023-12-19T22:00:00.000000000,547.02,601.18162
2023-12-19T23:00:00.000000000,552.17,594.06957
2023-12-20T00:00:00.000000000,558.15,576.80345
2023-12-20T01:00:00.000000000,560.03,583.25756
2023-12-20T02:00:00.000000000,567.47,585.73125
2023-12-20T03:00:00.000000000,573.23,594.65798
2023-12-20T04:00:00.000000000,575.03,598.48198
2023-12-20T05:00:00.000000000,588.71,609.14644
2023-12-20T06:00:00.000000000,583.68,597.51281
2023-12-20T07:00:00.000000000,558.41,585.92149
2023-12-20T08:00:00.000000000,562.78,594.15593
2023-12-20T09:00:00.000000000,572.86,584.21942
2023-12-20T10:00:00.000000000,595.17,604.05314
2023-12-20T11:00:00.000000000,620.27,598.89528
2023-12-20T12:00:00.000000000,621.77,596.48799
2023-12-20T13:00:00.000000000,618.6,621.5842
2023-12-20T14:00:00.000000000,623.53,603.99307
2023-12-20T15:00:00.000000000,626.97,609.78046
2023-12-20T16:00:00.000000000,645.9,610.60717
2023-12-20T17:00:00.000000000,656.9,620.24681
2023-12-20T18:00:00.000000000,635.3,613.36858
2023-12-20T19:00:00.000000000,621.32,598.98924
2023-12-20T20:00:00.000000000,623.74,604.02066
2023-12-20T21:00:00.000000000,626.08,579.76814
2023-12-20T22:00:00.000000000,634.18,595.07949
2023-12-20T23:00:00.000000000,635.57,603.37134
2023-12-21T00:00:00.000000000,628.45,566.24024
2023-12-21T01:00:00.000000000,634.68,573.68545
2023-12-21T02:00:00.000000000,631.82,572.63316
2023-12-21T03:00:00.000000000,612.37,586.71358
2023-12-21T04:00:00.000000000,610.85,571.88259
2023-12-21T05:00:00.000000000,621.7,594.60156
2023-12-21T06:00:00.000000000,615.18,578.45225
2023-12-21T07:00:00.000000000,609.38,573.83103
2023-12-21T08:00:00.000000000,598.54,586.3991
2023-12-21T09:00:00.000000000,609.68,550.86049
2023-12-21T10:00:00.000000000,617.4,582.2466
2023-12-21T11:00:00.000000000,617.62,595.37705
2023-12-21T12:00:00.000000000,612.99,588.08859
2023-12-21T13:00:00.000000000,609.78,595.95103
2023-12-21T14:00:00.000000000,620.66,603.6407
2023-12-21T15:00:00.000000000,622.02,578.23887
2023-12-21T16:00:00.000000000,626.49,603.21361
2023-12-21T17:00:00.000000000,637.22,597.46185
2023-12-21T18:00:00.000000000,638.01,601.22535
2023-12-21T19:00:00.000000000,637.94,564.46886
2023-12-21T20:00:00.000000000,644.71,595.42376
2023-12-21T21:00:00.000000000,647.78,561.63237
2023-12-21T22:00:00.000000000,649.36,587.59897
2023-12-21T23:00:00.000000000,643.85,589.79925
2023-12-22T00:00:00.000000000,636.99,568.10328
2023-12-22T01:00:00.000000000,641.11,571.80058
2023-12-22T02:00:00.000000000,635.95,580.36419
2023-12-22T03:00:00.000000000,632.37,589.46577
2023-12-22T04:00:00.000000000,630.61,573.38529
2023-12-22T05:00:00.000000000,630.51,596.72037
2023-12-22T06:00:00.000000000,598.68,586.58914
2023-12-22T07:00:00.000000000,579.88,581.90569
2023-12-22T08:00:00.000000000,592.17,589.95765
2023-12-22T09:00:00.000000000,607.12,554.2768
2023-12-22T10:00:00.000000000,608.15,593.62391
2023-12-22T11:00:00.000000000,619.47,596.78168
2023-12-22T12:00:00.000000000,639.9,611.21455
2023-12-22T13:00:00.000000000,655.7,616.10041
2023-12-22T14:00:00.000000000,663.0,620.61514
2023-12-22T15:00:00.000000000,683.71,581.21051
2023-12-22T16:00:00.000000000,692.74,609.05725
2023-12-22T17:00:00.000000000,678.59,615.8399
2023-12-22T18:00:00.000000000,678.17,596.96824
2023-12-22T19:00:00.000000000,690.26,566.00779
2023-12-22T20:00:00.000000000,694.67,620.28074
2023-12-22T21:00:00.000000000,694.78,564.56449
2023-12-22T22:00:00.000000000,696.05,583.15712
2023-12-22T23:00:00.000000000,698.72,609.16755
2023-12-23T00:00:00.000000000,696.11,565.78975
2023-12-23T01:00:00.000000000,692.68,576.30654
2023-12-23T02:00:00.000000000,704.81,579.52938
2023-12-23T03:00:00.000000000,707.5,592.37095
2023-12-23T04:00:00.000000000,729.02,582.22286
2023-12-23T05:00:00.000000000,720.34,591.57353
2023-12-23T06:00:00.000000000,707.21,582.09411
2023-12-23T07:00:00.000000000,708.38,573.20723
2023-12-23T08:00:00.000000000,709.51,589.1069
2023-12-23T09:00:00.000000000,707.09,561.33295
2023-12-23T10:00:00.000000000,705.68,588.79763
2023-12-23T11:00:00.000000000,710.76,594.174
2023-12-23T12:00:00.000000000,710.92,602.66881
2023-12-23T13:00:00.000000000,700.95,607.04646
2023-12-23T14:00:00.000000000,701.98,619.54735
2023-12-23T15:00:00.000000000,705.92,593.5218
2023-12-23T16:00:00.000000000,713.28,607.18314
2023-12-23T17:00:00.000000000,684.78,622.92583
2023-12-23T18:00:00.000000000,662.42,613.90511
2023-12-23T19:00:00.000000000,677.38,579.21556
2023-12-23T20:00:00.000000000,670.76,611.6996
2023-12-23T21:00:00.000000000,639.49,566.20363
2023-12-23T22:00:00.000000000,606.78,588.47604
2023-12-23T23:00:00.000000000,588.77,602.87444
2023-12-24T00:00:00.000000000,566.37,569.87423
2023-12-24T01:00:00.000000000,584.59,572.91664
2023-12-24T02:00:00.000000000,610.22,577.5585
2023-12-24T03:00:00.000000000,596.65,588.33522
2023-12-24T04:00:00.000000000,605.59,571.50513
2023-12-24T05:00:00.000000000,608.92,598.68061
2023-12-24T06:00:00.000000000,601.24,586.66968
2023-12-24T07:00:00.000000000,585.87,581.22343
2023-12-24T08:00:00.000000000,585.07,589.35668
2023-12-24T09:00:00.000000000,584.64,552.25815
2023-12-24T10:00:00.000000000,568.54,592.78939
2023-12-24T11:00:00.000000000,588.03,597.20634
2023-12-24T12:00:00.000000000,594.39,606.28057
2023-12-24T13:00:00.000000000,579.86,613.5166
2023-12-24T14:00:00.000000000,561.58,613.22768
2023-12-24T15:00:00.000000000,557.39,579.58944
2023-12-24T16:00:00.000000000,563.93,607.65384
2023-12-24T17:00:00.000000000,582.75,607.9228
2023-12-24T18:00:00.000000000,610.7,592.87358
2023-12-24T19:00:00.000000000,599.12,563.73506
2023-12-24T20:00:00.000000000,575.44,613.4674
2023-12-24T21:00:00.000000000,570.23,563.10071
2023-12-24T22:00:00.000000000,582.48,584.18353
2023-12-24T23:00:00.000000000,623.87,604.11465
2023-12-19T00:00:00.000000000,645.01,570.2611
2023-12-19T01:00:00.000000000,643.47,580.36534
2023-12-19T02:00:00.000000000,652.09,581.77286
2023-12-19T03:00:00.000000000,657.4,594.49939
2023-12-19T04:00:00.000000000,658.91,589.64947
2023-12-19T05:00:00.000000000,655.91,598.23237
2023-12-19T06:00:00.000000000,645.61,587.27255
2023-12-19T07:00:00.000000000,623.86,576.36968
2023-12-19T08:00:00.000000000,606.44,592.04941
2023-12-19T09:00:00.000000000,564.12,567.71494
2023-12-19T10:00:00.000000000,538.74,591.48417
2023-12-19T11:00:00.000000000,560.03,598.95474
2023-12-19T12:00:00.000000000,555.27,599.37238
2023-12-19T13:00:00.000000000,553.44,607.45626
2023-12-19T14:00:00.000000000,551.26,612.56428
2023-12-19T15:00:00.000000000,538.48,599.97776
2023-12-19T16:00:00.000000000,541.06,610.21368
2023-12-19T17:00:00.000000000,557.29,619.64582
2023-12-19T18:00:00.000000000,556.39,616.25644
2023-12-19T19:00:00.000000000,541.8,585.67665
2023-12-19T20:00:00.000000000,543.29,606.98208
2023-12-19T21:00:00.000000000,544.94,571.49913
2023-12-19T22:00:00.000000000,547.02,594.62218
2023-12-19T23:00:00.000000000,552.17,600.86535
2023-12-20T00:00:00.000000000,558.15,582.50489
2023-12-20T01:00:00.000000000,560.03,585.29513
2023-12-20T02:00:00.000000000,567.47,591.14624
2023-12-20T03:00:00.000000000,573.23,599.16768
2023-12-20T04:00:00.000000000,575.03,596.97808
2023-12-20T05:00:00.000000000,588.71,608.75477
2023-12-20T06:00:00.000000000,583.68,598.06542
2023-12-20T07:00:00.000000000,558.41,591.51156
2023-12-20T08:00:00.000000000,562.78,599.54153
2023-12-20T09:00:00.000000000,572.86,568.70352
2023-12-20T10:00:00.000000000,595.17,599.78154
2023-12-20T11:00:00.000000000,620.27,605.52407
2023-12-20T12:00:00.000000000,621.77,609.18135
2023-12-20T13:00:00.000000000,618.6,619.42999
2023-12-20T14:00:00.000000000,623.53,611.30721
2023-12-20T15:00:00.000000000,626.97,598.44089
2023-12-20T16:00:00.000000000,645.9,618.43349
2023-12-20T17:00:00.000000000,656.9,618.5055
2023-12-20T18:00:00.000000000,635.3,611.13624
2023-12-20T19:00:00.000000000,621.32,588.64979
2023-12-20T20:00:00.000000000,623.74,612.40045
2023-12-20T21:00:00.000000000,626.08,578.46624
2023-12-20T22:00:00.000000000,634.18,595.23587
2023-12-20T23:00:00.000000000,635.57,608.16801
2023-12-21T00:00:00.000000000,628.45,565.46946
2023-12-21T01:00:00.000000000,634.68,576.44811
2023-12-21T02:00:00.000000000,631.82,575.97023
2023-12-21T03:00:00.000000000,612.37,589.57778
2023-12-21T04:00:00.000000000,610.85,579.28639
2023-12-21T05:00:00.000000000,621.7,595.41069
2023-12-21T06:00:00.000000000,615.18,581.23414
2023-12-21T07:00:00.000000000,609.38,572.97578
2023-12-21T08:00:00.000000000,598.54,588.57136
2023-12-21T09:00:00.000000000,609.68,559.07984
2023-12-21T10:00:00.000000000,617.4,585.65123
2023-12-21T11:00:00.000000000,617.62,597.10463
2023-12-21T12:00:00.000000000,612.99,593.01243
2023-12-21T13:00:00.000000000,609.78,600.36399
2023-12-21T14:00:00.000000000,620.66,609.85415
2023-12-21T15:00:00.000000000,622.02,588.60736
2023-12-21T16:00:00.000000000,626.49,606.08643
2023-12-21T17:00:00.000000000,637.22,608.97581
2023-12-21T18:00:00.000000000,638.01,609.37685
2023-12-21T19:00:00.000000000,637.94,573.51256
2023-12-21T20:00:00.000000000,644.71,601.63263
2023-12-21T21:00:00.000000000,647.78,564.95636
2023-12-21T22:00:00.000000000,649.36,592.05534
2023-12-21T23:00:00.000000000,643.85,595.36526
2023-12-22T00:00:00.000000000,636.99,582.13118
2023-12-22T01:00:00.000000000,641.11,587.54689
2023-12-22T02:00:00.000000000,635.95,591.10988
2023-12-22T03:00:00.000000000,632.37,601.92467
2023-12-22T04:00:00.000000000,630.61,604.13492
2023-12-22T05:00:00.000000000,630.51,607.38523
2023-12-22T06:00:00.000000000,598.68,598.23362
2023-12-22T07:00:00.000000000,579.88,587.25754
2023-12-22T08:00:00.000000000,592.17,599.29441
2023-12-22T09:00:00.000000000,607.12,577.05112
2023-12-22T10:00:00.000000000,608.15,602.99584
2023-12-22T11:00:00.000000000,619.47,604.18099
2023-12-22T12:00:00.000000000,639.9,607.99984
2023-12-22T13:00:00.000000000,655.7,620.35515
2023-12-22T14:00:00.000000000,663.0,613.46315
2023-12-22T15:00:00.000000000,683.71,610.37517
2023-12-22T16:00:00.000000000,692.74,616.17222
2023-12-22T17:00:00.000000000,678.59,630.34548
2023-12-22T18:00:00.000000000,678.17,622.50594
2023-12-22T19:00:00.000000000,690.26,601.48962
2023-12-22T20:00:00.000000000,694.67,613.96515
2023-12-22T21:00:00.000000000,694.78,582.13104
2023-12-22T22:00:00.000000000,696.05,597.05359
2023-12-22T23:00:00.000000000,698.72,610.18253
2023-12-23T00:00:00.000000000,696.11,581.01839
2023-12-23T01:00:00.000000000,692.68,587.28933
2023-12-23T02:00:00.000000000,704.81,590.88335
2023-12-23T03:00:00.000000000,707.5,601.39991
2023-12-23T04:00:00.000000000,729.02,604.99501
2023-12-23T05:00:00.000000000,720.34,604.64658
2023-12-23T06:00:00.000000000,707.21,592.95863
2023-12-23T07:00:00.000000000,708.38,586.16265
2023-12-23T08:00:00.000000000,709.51,599.64
2023-12-23T09:00:00.000000000,707.09,574.77458
2023-12-23T10:00:00.000000000,705.68,594.11648
2023-12-23T11:00:00.000000000,710.76,603.19432
2023-12-23T12:00:00.000000000,710.92,597.93548
2023-12-23T13:00:00.000000000,700.95,608.31964
2023-12-23T14:00:00.000000000,701.98,610.08212
2023-12-23T15:00:00.000000000,705.92,605.89928
2023-12-23T16:00:00.000000000,713.28,615.59992
2023-12-23T17:00:00.000000000,684.78,622.93058
2023-12-23T18:00:00.000000000,662.42,626.84515
2023-12-23T19:00:00.000000000,677.38,599.5808
2023-12-23T20:00:00.000000000,670.76,605.02991
2023-12-23T21:00:00.000000000,639.49,581.99928
2023-12-23T22:00:00.000000000,606.78,597.82408
2023-12-23T23:00:00.000000000,588.77,602.46134
2023-12-24T00:00:00.000000000,566.37,569.50391
2023-12-24T01:00:00.000000000,584.59,576.4715
2023-12-24T02:00:00.000000000,610.22,581.70449
2023-12-24T03:00:00.000000000,596.65,592.08854
2023-12-24T04:00:00.000000000,605.59,591.99403
2023-12-24T05:00:00.000000000,608.92,594.93906
2023-12-24T06:00:00.000000000,601.24,587.54368
2023-12-24T07:00:00.000000000,585.87,578.18974
2023-12-24T08:00:00.000000000,585.07,588.97231
2023-12-24T09:00:00.000000000,584.64,570.78137
2023-12-24T10:00:00.000000000,568.54,595.41141
2023-12-24T11:00:00.000000000,588.03,592.85464
2023-12-24T12:00:00.000000000,594.39,601.66569
2023-12-24T13:00:00.000000000,579.86,614.65108
2023-12-24T14:00:00.000000000,561.58,612.6944
2023-12-24T15:00:00.000000000,557.39,601.09822
2023-12-24T16:00:00.000000000,563.93,607.28968
2023-12-24T17:00:00.000000000,582.75,629.67467
2023-12-24T18:00:00.000000000,610.7,616.98971
2023-12-24T19:00:00.000000000,599.12,592.05598
2023-12-24T20:00:00.000000000,575.44,610.73245
2023-12-24T21:00:00.000000000,570.23,574.02749
2023-12-24T22:00:00.000000000,582.48,587.14282
2023-12-24T23:00:00.000000000,623.87,606.99166
2023-12-25T00:00:00.000000000,653.19,588.75254
2023-12-25T01:00:00.000000000,637.23,592.01795
2023-12-25T02:00:00.000000000,617.21,594.68809
2023-12-25T03:00:00.000000000,676.18,608.6196
2023-12-25T04:00:00.000000000,628.76,613.8761
2023-12-25T05:00:00.000000000,600.88,610.35467
2023-12-25T06:00:00.000000000,587.91,596.10469
2023-12-25T07:00:00.000000000,582.87,591.63562
2023-12-25T08:00:00.000000000,570.86,600.06646
2023-12-25T09:00:00.000000000,571.02,575.30978
2023-12-25T10:00:00.000000000,567.58,596.91387
2023-12-25T11:00:00.000000000,564.49,603.75702
2023-12-25T12:00:00.000000000,567.04,594.21582
2023-12-25T13:00:00.000000000,575.0,611.44502
2023-12-25T14:00:00.000000000,559.65,603.727
2023-12-25T15:00:00.000000000,556.51,610.86011
2023-12-25T16:00:00.000000000,573.01,617.32498
2023-12-25T17:00:00.000000000,590.68,620.38167
2023-12-25T18:00:00.000000000,611.7,628.21609
2023-12-25T19:00:00.000000000,604.21,606.39495
2023-12-25T20:00:00.000000000,606.05,598.07941
2023-12-25T21:00:00.000000000,623.93,584.97672
2023-12-25T22:00:00.000000000,630.6,599.63078
2023-12-25T23:00:00.000000000,640.29,599.29013
2023-12-20T00:00:00.000000000,558.15,592.96774
2023-12-20T01:00:00.000000000,560.03,593.3566
2023-12-20T02:00:00.000000000,567.47,603.58902
2023-12-20T03:00:00.000000000,573.23,614.0273
2023-12-20T04:00:00.000000000,575.03,637.71865
2023-12-20T05:00:00.000000000,588.71,615.30551
2023-12-20T06:00:00.000000000,583.68,608.93414
2023-12-20T07:00:00.000000000,558.41,599.12525
2023-12-20T08:00:00.000000000,562.78,605.30211
2023-12-20T09:00:00.000000000,572.86,606.58432
2023-12-20T10:00:00.000000000,595.17,612.78336
2023-12-20T11:00:00.000000000,620.27,605.95597
2023-12-20T12:00:00.000000000,621.77,599.78087
2023-12-20T13:00:00.000000000,618.6,625.68216
2023-12-20T14:00:00.000000000,623.53,610.3352
2023-12-20T15:00:00.000000000,626.97,645.04473
2023-12-20T16:00:00.000000000,645.9,625.31071
2023-12-20T17:00:00.000000000,656.9,653.62249
2023-12-20T18:00:00.000000000,635.3,650.36587
2023-12-20T19:00:00.000000000,621.32,636.49454
2023-12-20T20:00:00.000000000,623.74,609.98596
2023-12-20T21:00:00.000000000,626.08,608.2205
2023-12-20T22:00:00.000000000,634.18,606.49539
2023-12-20T23:00:00.000000000,635.57,614.61383
2023-12-21T00:00:00.000000000,628.45,616.32718
2023-12-21T01:00:00.000000000,634.68,601.39612
2023-12-21T02:00:00.000000000,631.82,613.43964
2023-12-21T03:00:00.000000000,612.37,635.29459
2023-12-21T04:00:00.000000000,610.85,659.66692
2023-12-21T05:00:00.000000000,621.7,634.51765
2023-12-21T06:00:00.000000000,615.18,620.12925
2023-12-21T07:00:00.000000000,609.38,615.31254
2023-12-21T08:00:00.000000000,598.54,611.25773
2023-12-21T09:00:00.000000000,609.68,615.77535
2023-12-21T10:00:00.000000000,617.4,620.92314
2023-12-21T11:00:00.000000000,617.62,613.53363
2023-12-21T12:00:00.000000000,612.99,583.46087
2023-12-21T13:00:00.000000000,609.78,623.38595
2023-12-21T14:00:00.000000000,620.66,598.27523
2023-12-21T15:00:00.000000000,622.02,663.93478
2023-12-21T16:00:00.000000000,626.49,631.46874
2023-12-21T17:00:00.000000000,637.22,643.17369
2023-12-21T18:00:00.000000000,638.01,655.68724
2023-12-21T19:00:00.000000000,637.94,651.74696
2023-12-21T20:00:00.000000000,644.71,595.76834
2023-12-21T21:00:00.000000000,647.78,624.8197
2023-12-21T22:00:00.000000000,649.36,616.78443
2023-12-21T23:00:00.000000000,643.85,601.14012
2023-12-22T00:00:00.000000000,636.99,612.08817
2023-12-22T01:00:00.000000000,641.11,594.71325
2023-12-22T02:00:00.000000000,635.95,606.28945
2023-12-22T03:00:00.000000000,632.37,625.68201
2023-12-22T04:00:00.000000000,630.61,643.94533
2023-12-22T05:00:00.000000000,630.51,631.48571
2023-12-22T06:00:00.000000000,598.68,614.38707
2023-12-22T07:00:00.000000000,579.88,613.84996
2023-12-22T08:00:00.000000000,592.17,601.15082
2023-12-22T09:00:00.000000000,607.12,617.37466
2023-12-22T10:00:00.000000000,608.15,619.42375
2023-12-22T11:00:00.000000000,619.47,598.89054
2023-12-22T12:00:00.000000000,639.9,571.31962
2023-12-22T13:00:00.000000000,655.7,622.32487
2023-12-22T14:00:00.000000000,663.0,585.02392
2023-12-22T15:00:00.000000000,683.71,661.12233
2023-12-22T16:00:00.000000000,692.74,620.55137
2023-12-22T17:00:00.000000000,678.59,621.19872
2023-12-22T18:00:00.000000000,678.17,632.94939
2023-12-22T19:00:00.000000000,690.26,640.87893
2023-12-22T20:00:00.000000000,694.67,579.92686
2023-12-22T21:00:00.000000000,694.78,616.63113
2023-12-22T22:00:00.000000000,696.05,605.24502
2023-12-22T23:00:00.000000000,698.72,585.00151
2023-12-23T00:00:00.000000000,696.11,618.74328
2023-12-23T01:00:00.000000000,692.68,603.38065
2023-12-23T02:00:00.000000000,704.81,612.5133
2023-12-23T03:00:00.000000000,707.5,636.64611
2023-12-23T04:00:00.000000000,729.02,649.68957
2023-12-23T05:00:00.000000000,720.34,634.17384
2023-12-23T06:00:00.000000000,707.21,613.68529
2023-12-23T07:00:00.000000000,708.38,616.42652
2023-12-23T08:00:00.000000000,709.51,608.1349
2023-12-23T09:00:00.000000000,707.09,593.29937
2023-12-23T10:00:00.000000000,705.68,609.0646
2023-12-23T11:00:00.000000000,710.76,612.73546
2023-12-23T12:00:00.000000000,710.92,576.33812
2023-12-23T13:00:00.000000000,700.95,615.12039
2023-12-23T14:00:00.000000000,701.98,582.62013
2023-12-23T15:00:00.000000000,705.92,639.97055
2023-12-23T16:00:00.000000000,713.28,627.19497
2023-12-23T17:00:00.000000000,684.78,612.08386
2023-12-23T18:00:00.000000000,662.42,639.51569
2023-12-23T19:00:00.000000000,677.38,637.7666
2023-12-23T20:00:00.000000000,670.76,581.41665
2023-12-23T21:00:00.000000000,639.49,612.08528
2023-12-23T22:00:00.000000000,606.78,609.21886
2023-12-23T23:00:00.000000000,588.77,587.58159
2023-12-24T00:00:00.000000000,566.37,596.56429
2023-12-24T01:00:00.000000000,584.59,591.61755
2023-12-24T02:00:00.000000000,610.22,598.40864
2023-12-24T03:00:00.000000000,596.65,610.29194
2023-12-24T04:00:00.000000000,605.59,633.58812
2023-12-24T05:00:00.000000000,608.92,623.12836
2023-12-24T06:00:00.000000000,601.24,612.01578
2023-12-24T07:00:00.000000000,585.87,600.57768
2023-12-24T08:00:00.000000000,585.07,600.69594
2023-12-24T09:00:00.000000000,584.64,620.17075
2023-12-24T10:00:00.000000000,568.54,621.10129
2023-12-24T11:00:00.000000000,588.03,600.25239
2023-12-24T12:00:00.000000000,594.39,585.0848
2023-12-24T13:00:00.000000000,579.86,626.71507
2023-12-24T14:00:00.000000000,561.58,599.61288
2023-12-24T15:00:00.000000000,557.39,655.75659
2023-12-24T16:00:00.000000000,563.93,619.18721
2023-12-24T17:00:00.000000000,582.75,640.92474
2023-12-24T18:00:00.000000000,610.7,639.1519
2023-12-24T19:00:00.000000000,599.12,636.85764
2023-12-24T20:00:00.000000000,575.44,596.38226
2023-12-24T21:00:00.000000000,570.23,609.77384
2023-12-24T22:00:00.000000000,582.48,607.30116
2023-12-24T23:00:00.000000000,623.87,601.89277
2023-12-25T00:00:00.000000000,653.19,631.58919
2023-12-25T01:00:00.000000000,637.23,600.30358
2023-12-25T02:00:00.000000000,617.21,615.02175
2023-12-25T03:00:00.000000000,676.18,643.36288
2023-12-25T04:00:00.000000000,628.76,656.06751
2023-12-25T05:00:00.000000000,600.88,645.14468
2023-12-25T06:00:00.000000000,587.91,618.08567
2023-12-25T07:00:00.000000000,582.87,624.22183
2023-12-25T08:00:00.000000000,570.86,603.25054
2023-12-25T09:00:00.000000000,571.02,618.27081
2023-12-25T10:00:00.000000000,567.58,619.22281
2023-12-25T11:00:00.000000000,564.49,601.3329
2023-12-25T12:00:00.000000000,567.04,556.40312
2023-12-25T13:00:00.000000000,575.0,612.56194
2023-12-25T14:00:00.000000000,559.65,576.35955
2023-12-25T15:00:00.000000000,556.51,664.78191
2023-12-25T16:00:00.000000000,573.01,619.96264
2023-12-25T17:00:00.000000000,590.68,599.09179
2023-12-25T18:00:00.000000000,611.7,631.18434
2023-12-25T19:00:00.000000000,604.21,645.24399
2023-12-25T20:00:00.000000000,606.05,566.59931
2023-12-25T21:00:00.000000000,623.93,621.36027
2023-12-25T22:00:00.000000000,630.6,606.35697
2023-12-25T23:00:00.000000000,640.29,566.22413
2023-12-26T00:00:00.000000000,651.04,620.64253
2023-12-26T01:00:00.000000000,641.5,599.08847
2023-12-26T02:00:00.000000000,623.18,615.03901
2023-12-26T03:00:00.000000000,637.99,636.42577
2023-12-26T04:00:00.000000000,661.01,654.83213
2023-12-26T05:00:00.000000000,657.65,637.51305
2023-12-26T06:00:00.000000000,647.57,621.46617
2023-12-26T07:00:00.000000000,650.66,622.51971
2023-12-26T08:00:00.000000000,639.72,609.54982
2023-12-26T09:00:00.000000000,628.85,613.41815
2023-12-26T10:00:00.000000000,617.15,622.17619
2023-12-26T11:00:00.000000000,634.28,610.15816
2023-12-26T12:00:00.000000000,654.77,578.8309
2023-12-26T13:00:00.000000000,639.84,627.5467
2023-12-26T14:00:00.000000000,639.9,586.43349
2023-12-26T15:00:00.000000000,653.38,660.16715
2023-12-26T16:00:00.000000000,637.86,627.0443
2023-12-26T17:00:00.000000000,620.75,626.50204
2023-12-26T18:00:00.000000000,626.36,639.71741
2023-12-26T19:00:00.000000000,620.24,648.20932
2023-12-26T20:00:00.000000000,629.91,589.22484
2023-12-26T21:00:00.000000000,641.44,624.91895
2023-12-26T22:00:00.000000000,649.08,607.86658
2023-12-26T23:00:00.000000000,670.27,594.03247
2023-12-21T00:00:00.000000000,628.45,618.49237
2023-12-21T01:00:00.000000000,634.68,594.38029
2023-12-21T02:00:00.000000000,631.82,608.1742
2023-12-21T03:00:00.000000000,612.37,633.25722
2023-12-21T04:00:00.000000000,610.85,653.97025
2023-12-21T05:00:00.000000000,621.7,639.12871
2023-12-21T06:00:00.000000000,615.18,621.32464
2023-12-21T07:00:00.000000000,609.38,615.74611
2023-12-21T08:00:00.000000000,598.54,604.88245
2023-12-21T09:00:00.000000000,609.68,628.12256
2023-12-21T10:00:00.000000000,617.4,629.48791
2023-12-21T11:00:00.000000000,617.62,606.86241
2023-12-21T12:00:00.000000000,612.99,570.30932
2023-12-21T13:00:00.000000000,609.78,622.68556
2023-12-21T14:00:00.000000000,620.66,596.36196
2023-12-21T15:00:00.000000000,622.02,676.92928
2023-12-21T16:00:00.000000000,626.49,626.43281
2023-12-21T17:00:00.000000000,637.22,635.73033
2023-12-21T18:00:00.000000000,638.01,644.74165
2023-12-21T19:00:00.000000000,637.94,647.89771
2023-12-21T20:00:00.000000000,644.71,585.95631
2023-12-21T21:00:00.000000000,647.78,626.42708
2023-12-21T22:00:00.000000000,649.36,618.28718
2023-12-21T23:00:00.000000000,643.85,587.61904
2023-12-22T00:00:00.000000000,636.99,613.92576
2023-12-22T01:00:00.000000000,641.11,595.15289
2023-12-22T02:00:00.000000000,635.95,614.65724
2023-12-22T03:00:00.000000000,632.37,631.57609
2023-12-22T04:00:00.000000000,630.61,656.48026
2023-12-22T05:00:00.000000000,630.51,638.12865
2023-12-22T06:00:00.000000000,598.68,627.24058
2023-12-22T07:00:00.000000000,579.88,617.39511
2023-12-22T08:00:00.000000000,592.17,608.27279
2023-12-22T09:00:00.000000000,607.12,632.86046
2023-12-22T10:00:00.000000000,608.15,636.06618
2023-12-22T11:00:00.000000000,619.47,611.85959
2023-12-22T12:00:00.000000000,639.9,592.23575
2023-12-22T13:00:00.000000000,655.7,640.87589
2023-12-22T14:00:00.000000000,663.0,603.55175
2023-12-22T15:00:00.000000000,683.71,679.50943
2023-12-22T16:00:00.000000000,692.74,631.14096
2023-12-22T17:00:00.000000000,678.59,652.11115
2023-12-22T18:00:00.000000000,678.17,645.12201
2023-12-22T19:00:00.000000000,690.26,653.12905
2023-12-22T20:00:00.000000000,694.67,603.48714
2023-12-22T21:00:00.000000000,694.78,628.02281
2023-12-22T22:00:00.000000000,696.05,615.5509
2023-12-22T23:00:00.000000000,698.72,606.07691
2023-12-23T00:00:00.000000000,696.11,606.93758
2023-12-23T01:00:00.000000000,692.68,591.74728
2023-12-23T02:00:00.000000000,704.81,598.21971
2023-12-23T03:00:00.000000000,707.5,628.90728
2023-12-23T04:00:00.000000000,729.02,639.09739
2023-12-23T05:00:00.000000000,720.34,625.35614
2023-12-23T06:00:00.000000000,707.21,609.77933
2023-12-23T07:00:00.000000000,708.38,601.89468
2023-12-23T08:00:00.000000000,709.51,596.74588
2023-12-23T09:00:00.000000000,707.09,606.6047
2023-12-23T10:00:00.000000000,705.68,613.70704
2023-12-23T11:00:00.000000000,710.76,602.35173
2023-12-23T12:00:00.000000000,710.92,567.76511
2023-12-23T13:00:00.000000000,700.95,612.20455
2023-12-23T14:00:00.000000000,701.98,585.46652
2023-12-23T15:00:00.000000000,705.92,658.14803
2023-12-23T16:00:00.000000000,713.28,620.33933
2023-12-23T17:00:00.000000000,684.78,624.98645
2023-12-23T18:00:00.000000000,662.42,639.88699
2023-12-23T19:00:00.000000000,677.38,637.93537
2023-12-23T20:00:00.000000000,670.76,578.72629
2023-12-23T21:00:00.000000000,639.49,612.57235
2023-12-23T22:00:00.000000000,606.78,610.93484
2023-12-23T23:00:00.000000000,588.77,582.18231
2023-12-24T00:00:00.000000000,566.37,619.50342
2023-12-24T01:00:00.000000000,584.59,599.37567
2023-12-24T02:00:00.000000000,610.22,616.33093
2023-12-24T03:00:00.000000000,596.65,632.95
2023-12-24T04:00:00.000000000,605.59,643.39154
2023-12-24T05:00:00.000000000,608.92,637.09513
2023-12-24T06:00:00.000000000,601.24,613.8748
2023-12-24T07:00:00.000000000,585.87,623.34075
2023-12-24T08:00:00.000000000,585.07,604.52121
2023-12-24T09:00:00.000000000,584.64,598.61614
2023-12-24T10:00:00.000000000,568.54,609.18282
2023-12-24T11:00:00.000000000,588.03,604.90877
2023-12-24T12:00:00.000000000,594.39,573.99377
2023-12-24T13:00:00.000000000,579.86,620.28426
2023-12-24T14:00:00.000000000,561.58,574.82586
2023-12-24T15:00:00.000000000,557.39,636.61523
2023-12-24T16:00:00.000000000,563.93,622.80741
2023-12-24T17:00:00.000000000,582.75,592.38995
2023-12-24T18:00:00.000000000,610.7,618.41261
2023-12-24T19:00:00.000000000,599.12,630.07638
2023-12-24T20:00:00.000000000,575.44,574.51719
2023-12-24T21:00:00.000000000,570.23,608.30935
2023-12-24T22:00:00.000000000,582.48,598.90069
2023-12-24T23:00:00.000000000,623.87,578.10937
2023-12-25T00:00:00.000000000,653.19,605.497
2023-12-25T01:00:00.000000000,637.23,596.44794
2023-12-25T02:00:00.000000000,617.21,604.01736
2023-12-25T03:00:00.000000000,676.18,617.93684
2023-12-25T04:00:00.000000000,628.76,633.14515
2023-12-25T05:00:00.000000000,600.88,629.54575
2023-12-25T06:00:00.000000000,587.91,608.24263
2023-12-25T07:00:00.000000000,582.87,603.43745
2023-12-25T08:00:00.000000000,570.86,602.8113
2023-12-25T09:00:00.000000000,571.02,613.51585
2023-12-25T10:00:00.000000000,567.58,612.32098
2023-12-25T11:00:00.000000000,564.49,602.99148
2023-12-25T12:00:00.000000000,567.04,575.47026
2023-12-25T13:00:00.000000000,575.0,615.6551
2023-12-25T14:00:00.000000000,559.65,584.57265
2023-12-25T15:00:00.000000000,556.51,646.82639
2023-12-25T16:00:00.000000000,573.01,613.16504
2023-12-25T17:00:00.000000000,590.68,611.11859
2023-12-25T18:00:00.000000000,611.7,628.0937
2023-12-25T19:00:00.000000000,604.21,634.33074
2023-12-25T20:00:00.000000000,606.05,583.77376
2023-12-25T21:00:00.000000000,623.93,604.7408
2023-12-25T22:00:00.000000000,630.6,603.53948
2023-12-25T23:00:00.000000000,640.29,584.03936
2023-12-26T00:00:00.000000000,651.04,588.65618
2023-12-26T01:00:00.000000000,641.5,588.82583
2023-12-26T02:00:00.000000000,623.18,605.85504
2023-12-26T03:00:00.000000000,637.99,603.37056
2023-12-26T04:00:00.000000000,661.01,638.3188
2023-12-26T05:00:00.000000000,657.65,627.45077
2023-12-26T06:00:00.000000000,647.57,621.20861
2023-12-26T07:00:00.000000000,650.66,602.646
2023-12-26T08:00:00.000000000,639.72,602.15999
2023-12-26T09:00:00.000000000,628.85,646.33654
2023-12-26T10:00:00.000000000,617.15,634.60042
2023-12-26T11:00:00.000000000,634.28,602.43358
2023-12-26T12:00:00.000000000,654.77,605.18524
2023-12-26T13:00:00.000000000,639.84,643.95042
2023-12-26T14:00:00.000000000,639.9,620.99611
2023-12-26T15:00:00.000000000,653.38,678.44531
2023-12-26T16:00:00.000000000,637.86,630.68888
2023-12-26T17:00:00.000000000,620.75,665.60903
2023-12-26T18:00:00.000000000,626.36,644.10315
2023-12-26T19:00:00.000000000,620.24,640.06002
2023-12-26T20:00:00.000000000,629.91,614.03421
2023-12-26T21:00:00.000000000,641.44,616.47074
2023-12-26T22:00:00.000000000,649.08,618.2847
2023-12-26T23:00:00.000000000,670.27,616.81778
2023-12-27T00:00:00.000000000,672.43,615.77168
2023-12-27T01:00:00.000000000,676.48,591.4844
2023-12-27T02:00:00.000000000,693.02,615.92915
2023-12-27T03:00:00.000000000,693.46,621.8926
2023-12-27T04:00:00.000000000,687.07,647.93412
2023-12-27T05:00:00.000000000,686.75,649.32136
2023-12-27T06:00:00.000000000,693.11,626.38567
2023-12-27T07:00:00.000000000,684.8,618.9548
2023-12-27T08:00:00.000000000,679.66,605.5449
2023-12-27T09:00:00.000000000,667.97,659.6463
2023-12-27T10:00:00.000000000,654.56,642.51
2023-12-27T11:00:00.000000000,628.28,601.4555
2023-12-27T12:00:00.000000000,601.86,579.40684
2023-12-27T13:00:00.000000000,575.34,638.45788
2023-12-27T14:00:00.000000000,567.52,607.46887
2023-12-27T15:00:00.000000000,587.51,692.32413
2023-12-27T16:00:00.000000000,598.05,625.51523
2023-12-27T17:00:00.000000000,600.77,636.70719
2023-12-27T18:00:00.000000000,613.37,628.54109
2023-12-27T19:00:00.000000000,610.79,644.49488
2023-12-27T20:00:00.000000000,614.07,591.34113
2023-12-27T21:00:00.000000000,622.82,624.12573
2023-12-27T22:00:00.000000000,609.93,619.85023
2023-12-27T23:00:00.000000000,599.84,586.2956
2023-12-22T00:00:00.000000000,636.99,592.93012
2023-12-22T01:00:00.000000000,641.11,588.67746
2023-12-22T02:00:00.000000000,635.95,609.90198
2023-12-22T03:00:00.000000000,632.37,604.95813
2023-12-22T04:00:00.000000000,630.61,638.9088
2023-12-22T05:00:00.000000000,630.51,633.08118
2023-12-22T06:00:00.000000000,598.68,620.66699
2023-12-22T07:00:00.000000000,579.88,609.77832
2023-12-22T08:00:00.000000000,592.17,602.83646
2023-12-22T09:00:00.000000000,607.12,646.607
2023-12-22T10:00:00.000000000,608.15,631.56154
2023-12-22T11:00:00.000000000,619.47,602.18212
2023-12-22T12:00:00.000000000,639.9,598.41312
2023-12-22T13:00:00.000000000,655.7,640.07955
2023-12-22T14:00:00.000000000,663.0,614.05032
2023-12-22T15:00:00.000000000,683.71,675.31377
2023-12-22T16:00:00.000000000,692.74,629.2715
2023-12-22T17:00:00.000000000,678.59,649.24458
2023-12-22T18:00:00.000000000,678.17,635.72995
2023-12-22T19:00:00.000000000,690.26,636.57419
2023-12-22T20:00:00.000000000,694.67,608.25032
2023-12-22T21:00:00.000000000,694.78,616.34571
2023-12-22T22:00:00.000000000,696.05,616.45361
2023-12-22T23:00:00.000000000,698.72,609.65532
2023-12-23T00:00:00.000000000,696.11,650.27
2023-12-23T01:00:00.000000000,692.68,608.70075
2023-12-23T02:00:00.000000000,704.81,631.32321
2023-12-23T03:00:00.000000000,707.5,653.36414
2023-12-23T04:00:00.000000000,729.02,679.30499
2023-12-23T05:00:00.000000000,720.34,663.1166
2023-12-23T06:00:00.000000000,707.21,634.82064
2023-12-23T07:00:00.000000000,708.38,648.68029
2023-12-23T08:00:00.000000000,709.51,620.57934
2023-12-23T09:00:00.000000000,707.09,637.14285
2023-12-23T10:00:00.000000000,705.68,641.11523
2023-12-23T11:00:00.000000000,710.76,614.82434
2023-12-23T12:00:00.000000000,710.92,565.40811
2023-12-23T13:00:00.000000000,700.95,630.90404
2023-12-23T14:00:00.000000000,701.98,591.95158
2023-12-23T15:00:00.000000000,705.92,685.2766
2023-12-23T16:00:00.000000000,713.28,631.87293
2023-12-23T17:00:00.000000000,684.78,620.54761
2023-12-23T18:00:00.000000000,662.42,642.26047
2023-12-23T19:00:00.000000000,677.38,663.88574
2023-12-23T20:00:00.000000000,670.76,581.73179
2023-12-23T21:00:00.000000000,639.49,643.6496
2023-12-23T22:00:00.000000000,606.78,618.97265
2023-12-23T23:00:00.000000000,588.77,582.43649
2023-12-24T00:00:00.000000000,566.37,603.30081
2023-12-24T01:00:00.000000000,584.59,593.84472
2023-12-24T02:00:00.000000000,610.22,606.82444
2023-12-24T03:00:00.000000000,596.65,615.33383
2023-12-24T04:00:00.000000000,605.59,635.09009
2023-12-24T05:00:00.000000000,608.92,638.50921
2023-12-24T06:00:00.000000000,601.24,613.64789
2023-12-24T07:00:00.000000000,585.87,615.39172
2023-12-24T08:00:00.000000000,585.07,603.08862
2023-12-24T09:00:00.000000000,584.64,614.58262
2023-12-24T10:00:00.000000000,568.54,616.62823
2023-12-24T11:00:00.000000000,588.03,604.50484
2023-12-24T12:00:00.000000000,594.39,577.98435
2023-12-24T13:00:00.000000000,579.86,628.59503
2023-12-24T14:00:00.000000000,561.58,582.93195
2023-12-24T15:00:00.000000000,557.39,645.27193
2023-12-24T16:00:00.000000000,563.93,619.93404
2023-12-24T17:00:00.000000000,582.75,608.81004
2023-12-24T18:00:00.000000000,610.7,615.18425
2023-12-24T19:00:00.000000000,599.12,625.78361
2023-12-24T20:00:00.000000000,575.44,583.99595
2023-12-24T21:00:00.000000000,570.23,607.45308
2023-12-24T22:00:00.000000000,582.48,607.79023
2023-12-24T23:00:00.000000000,623.87,589.31258
2023-12-25T00:00:00.000000000,653.19,616.43317
2023-12-25T01:00:00.000000000,637.23,603.09183
2023-12-25T02:00:00.000000000,617.21,613.574
2023-12-25T03:00:00.000000000,676.18,627.19789
2023-12-25T04:00:00.000000000,628.76,642.38975
2023-12-25T05:00:00.000000000,600.88,641.37702
2023-12-25T06:00:00.000000000,587.91,615.13144
2023-12-25T07:00:00.000000000,582.87,616.59827
2023-12-25T08:00:00.000000000,570.86,608.361
2023-12-25T09:00:00.000000000,571.02,609.47069
2023-12-25T10:00:00.000000000,567.58,611.51095
2023-12-25T11:00:00.000000000,564.49,609.3101
2023-12-25T12:00:00.000000000,567.04,574.04108
2023-12-25T13:00:00.000000000,575.0,618.33704
2023-12-25T14:00:00.000000000,559.65,577.59248
2023-12-25T15:00:00.000000000,556.51,642.06573
2023-12-25T16:00:00.000000000,573.01,620.51025
2023-12-25T17:00:00.000000000,590.68,594.36647
2023-12-25T18:00:00.000000000,611.7,620.88447
2023-12-25T19:00:00.000000000,604.21,631.91905
2023-12-25T20:00:00.000000000,606.05,575.78959
2023-12-25T21:00:00.000000000,623.93,607.41253
2023-12-25T22:00:00.000000000,630.6,607.91143
2023-12-25T23:00:00.000000000,640.29,577.4224
2023-12-26T00:00:00.000000000,651.04,598.6018
2023-12-26T01:00:00.000000000,641.5,594.0299
2023-12-26T02:00:00.000000000,623.18,610.01196
2023-12-26T03:00:00.000000000,637.99,616.20857
2023-12-26T04:00:00.000000000,661.01,645.15466
2023-12-26T05:00:00.000000000,657.65,633.20701
2023-12-26T06:00:00.000000000,647.57,620.06557
2023-12-26T07:00:00.000000000,650.66,612.07533
2023-12-26T08:00:00.000000000,639.72,607.74428
2023-12-26T09:00:00.000000000,628.85,623.69178
2023-12-26T10:00:00.000000000,617.15,626.93203
2023-12-26T11:00:00.000000000,634.28,611.99843
2023-12-26T12:00:00.000000000,654.77,601.05113
2023-12-26T13:00:00.000000000,639.84,640.01095
2023-12-26T14:00:00.000000000,639.9,608.80128
2023-12-26T15:00:00.000000000,653.38,661.62369
2023-12-26T16:00:00.000000000,637.86,631.16033
2023-12-26T17:00:00.000000000,620.75,651.97007
2023-12-26T18:00:00.000000000,626.36,640.24248
2023-12-26T19:00:00.000000000,620.24,637.17154
2023-12-26T20:00:00.000000000,629.91,610.90583
2023-12-26T21:00:00.000000000,641.44,616.95486
2023-12-26T22:00:00.000000000,649.08,616.0341
2023-12-26T23:00:00.000000000,670.27,616.63575
2023-12-27T00:00:00.000000000,672.43,632.84835
2023-12-27T01:00:00.000000000,676.48,602.46209
2023-12-27T02:00:00.000000000,693.02,622.66674
2023-12-27T03:00:00.000000000,693.46,641.74237
2023-12-27T04:00:00.000000000,687.07,669.38522
2023-12-27T05:00:00.000000000,686.75,652.12347
2023-12-27T06:00:00.000000000,693.11,629.30591
2023-12-27T07:00:00.000000000,684.8,633.74759
2023-12-27T08:00:00.000000000,679.66,614.72633
2023-12-27T09:00:00.000000000,667.97,638.41956
2023-12-27T10:00:00.000000000,654.56,634.76101
2023-12-27T11:00:00.000000000,628.28,610.70874
2023-12-27T12:00:00.000000000,601.86,571.52472
2023-12-27T13:00:00.000000000,575.34,629.41283
2023-12-27T14:00:00.000000000,567.52,596.9777
2023-12-27T15:00:00.000000000,587.51,683.651
2023-12-27T16:00:00.000000000,598.05,632.00347
2023-12-27T17:00:00.000000000,600.77,632.99951
2023-12-27T18:00:00.000000000,613.37,645.98528
2023-12-27T19:00:00.000000000,610.79,656.76362
2023-12-27T20:00:00.000000000,614.07,586.31929
2023-12-27T21:00:00.000000000,622.82,637.2192
2023-12-27T22:00:00.000000000,609.93,619.62772
2023-12-27T23:00:00.000000000,599.84,588.68822
2023-12-28T00:00:00.000000000,608.08,622.5416
2023-12-28T01:00:00.000000000,627.67,600.54743
2023-12-28T02:00:00.000000000,597.46,623.90435
2023-12-28T03:00:00.000000000,596.99,634.96406
2023-12-28T04:00:00.000000000,616.21,663.48739
2023-12-28T05:00:00.000000000,637.15,653.35336
2023-12-28T06:00:00.000000000,640.79,630.78194
2023-12-28T07:00:00.000000000,641.31,633.54842
2023-12-28T08:00:00.000000000,636.35,614.74406
2023-12-28T09:00:00.000000000,643.0,637.24415
2023-12-28T10:00:00.000000000,640.72,636.98977
2023-12-28T11:00:00.000000000,639.25,614.12913
2023-12-28T12:00:00.000000000,638.1,587.67981
2023-12-28T13:00:00.000000000,641.21,644.8123
2023-12-28T14:00:00.000000000,629.32,599.26161
2023-12-28T15:00:00.000000000,632.41,677.68216
2023-12-28T16:00:00.000000000,650.67,632.8897
2023-12-28T17:00:00.000000000,655.81,637.28242
2023-12-28T18:00:00.000000000,633.98,634.52924
2023-12-28T19:00:00.000000000,612.55,650.42924
2023-12-28T20:00:00.000000000,586.78,599.50952
2023-12-28T21:00:00.000000000,573.67,630.69975
2023-12-28T22:00:00.000000000,570.13,618.60646
2023-12-28T23:00:00.000000000,580.3,603.09533
2023-12-23T00:00:00.000000000,696.11,637.59918
2023-12-23T01:00:00.000000000,692.68,598.77734
2023-12-23T02:00:00.000000000,704.81,614.38041
2023-12-23T03:00:00.000000000,707.5,639.41302
2023-12-23T04:00:00.000000000,729.02,658.13481
2023-12-23T05:00:00.000000000,720.34,658.57391
2023-12-23T06:00:00.000000000,707.21,627.97801
2023-12-23T07:00:00.000000000,708.38,632.33252
2023-12-23T08:00:00.000000000,709.51,611.57004
2023-12-23T09:00:00.000000000,707.09,643.00904
2023-12-23T10:00:00.000000000,705.68,641.17816
2023-12-23T11:00:00.000000000,710.76,604.15548
2023-12-23T12:00:00.000000000,710.92,556.48721
2023-12-23T13:00:00.000000000,700.95,625.32334
2023-12-23T14:00:00.000000000,701.98,598.57111
2023-12-23T15:00:00.000000000,705.92,682.18446
2023-12-23T16:00:00.000000000,713.28,623.65358
2023-12-23T17:00:00.000000000,684.78,620.50206
2023-12-23T18:00:00.000000000,662.42,630.56064
2023-12-23T19:00:00.000000000,677.38,647.19856
2023-12-23T20:00:00.000000000,670.76,575.60636
2023-12-23T21:00:00.000000000,639.49,632.72202
2023-12-23T22:00:00.000000000,606.78,620.94032
2023-12-23T23:00:00.000000000,588.77,571.5604
2023-12-24T00:00:00.000000000,566.37,628.79929
2023-12-24T01:00:00.000000000,584.59,599.45061
2023-12-24T02:00:00.000000000,610.22,617.78565
2023-12-24T03:00:00.000000000,596.65,634.64203
2023-12-24T04:00:00.000000000,605.59,655.63987
2023-12-24T05:00:00.000000000,608.92,656.14499
2023-12-24T06:00:00.000000000,601.24,626.02148
2023-12-24T07:00:00.000000000,585.87,629.83544
2023-12-24T08:00:00.000000000,585.07,612.28723
2023-12-24T09:00:00.000000000,584.64,639.31111
2023-12-24T10:00:00.000000000,568.54,634.70947
2023-12-24T11:00:00.000000000,588.03,607.37291
2023-12-24T12:00:00.000000000,594.39,569.51947
2023-12-24T13:00:00.000000000,579.86,629.55425
2023-12-24T14:00:00.000000000,561.58,594.01931
2023-12-24T15:00:00.000000000,557.39,676.13328
2023-12-24T16:00:00.000000000,563.93,624.11463
2023-12-24T17:00:00.000000000,582.75,621.05036
2023-12-24T18:00:00.000000000,610.7,628.95448
2023-12-24T19:00:00.000000000,599.12,645.24897
2023-12-24T20:00:00.000000000,575.44,584.94078
2023-12-24T21:00:00.000000000,570.23,628.94169
2023-12-24T22:00:00.000000000,582.48,617.49879
2023-12-24T23:00:00.000000000,623.87,582.38397
2023-12-25T00:00:00.000000000,653.19,641.95577
2023-12-25T01:00:00.000000000,637.23,603.38725
2023-12-25T02:00:00.000000000,617.21,619.21266
2023-12-25T03:00:00.000000000,676.18,643.20813
2023-12-25T04:00:00.000000000,628.76,659.7616
2023-12-25T05:00:00.000000000,600.88,662.9412
2023-12-25T06:00:00.000000000,587.91,625.31285
2023-12-25T07:00:00.000000000,582.87,639.87158
2023-12-25T08:00:00.000000000,570.86,612.54641
2023-12-25T09:00:00.000000000,571.02,631.24631
2023-12-25T10:00:00.000000000,567.58,631.4155
2023-12-25T11:00:00.000000000,564.49,605.90536
2023-12-25T12:00:00.000000000,567.04,550.1792
2023-12-25T13:00:00.000000000,575.0,620.40674
2023-12-25T14:00:00.000000000,559.65,579.2348
2023-12-25T15:00:00.000000000,556.51,668.24085
2023-12-25T16:00:00.000000000,573.01,622.23302
2023-12-25T17:00:00.000000000,590.68,598.40962
2023-12-25T18:00:00.000000000,611.7,623.80726
2023-12-25T19:00:00.000000000,604.21,645.58143
2023-12-25T20:00:00.000000000,606.05,563.6303
2023-12-25T21:00:00.000000000,623.93,631.37642
2023-12-25T22:00:00.000000000,630.6,616.53236
2023-12-25T23:00:00.000000000,640.29,564.26016
2023-12-26T00:00:00.000000000,651.04,619.48083
2023-12-26T01:00:00.000000000,641.5,597.81988
2023-12-26T02:00:00.000000000,623.18,617.79716
2023-12-26T03:00:00.000000000,637.99,630.15718
2023-12-26T04:00:00.000000000,661.01,652.66922
2023-12-26T05:00:00.000000000,657.65,653.03555
2023-12-26T06:00:00.000000000,647.57,627.11608
2023-12-26T07:00:00.000000000,650.66,626.89397
2023-12-26T08:00:00.000000000,639.72,610.73413
2023-12-26T09:00:00.000000000,628.85,639.534
2023-12-26T10:00:00.000000000,617.15,636.16639
2023-12-26T11:00:00.000000000,634.28,609.31895
2023-12-26T12:00:00.000000000,654.77,580.75692
2023-12-26T13:00:00.000000000,639.84,641.0552
2023-12-26T14:00:00.000000000,639.9,594.16576
2023-12-26T15:00:00.000000000,653.38,675.52862
2023-12-26T16:00:00.000000000,637.86,626.34981
2023-12-26T17:00:00.000000000,620.75,627.91566
2023-12-26T18:00:00.000000000,626.36,624.70486
2023-12-26T19:00:00.000000000,620.24,644.48741
2023-12-26T20:00:00.000000000,629.91,591.20653
2023-12-26T21:00:00.000000000,641.44,625.54453
2023-12-26T22:00:00.000000000,649.08,616.7637
2023-12-26T23:00:00.000000000,670.27,591.83118
2023-12-27T00:00:00.000000000,672.43,637.41976
2023-12-27T01:00:00.000000000,676.48,599.85529
2023-12-27T02:00:00.000000000,693.02,617.40402
2023-12-27T03:00:00.000000000,693.46,631.74114
2023-12-27T04:00:00.000000000,687.07,653.48969
2023-12-27T05:00:00.000000000,686.75,657.45612
2023-12-27T06:00:00.000000000,693.11,621.6932
2023-12-27T07:00:00.000000000,684.8,631.78154
2023-12-27T08:00:00.000000000,679.66,606.63779
2023-12-27T09:00:00.000000000,667.97,643.74928
2023-12-27T10:00:00.000000000,654.56,637.7585
2023-12-27T11:00:00.000000000,628.28,596.67349
2023-12-27T12:00:00.000000000,601.86,558.96952
2023-12-27T13:00:00.000000000,575.34,624.53206
2023-12-27T14:00:00.000000000,567.52,587.03873
2023-12-27T15:00:00.000000000,587.51,676.68815
2023-12-27T16:00:00.000000000,598.05,615.40919
2023-12-27T17:00:00.000000000,600.77,606.28337
2023-12-27T18:00:00.000000000,613.37,618.69481
2023-12-27T19:00:00.000000000,610.79,645.00514
2023-12-27T20:00:00.000000000,614.07,566.08249
2023-12-27T21:00:00.000000000,622.82,625.86597
2023-12-27T22:00:00.000000000,609.93,610.11752
2023-12-27T23:00:00.000000000,599.84,563.54612
2023-12-28T00:00:00.000000000,608.08,600.63194
2023-12-28T01:00:00.000000000,627.67,590.81924
2023-12-28T02:00:00.000000000,597.46,609.80073
2023-12-28T03:00:00.000000000,596.99,609.54988
2023-12-28T04:00:00.000000000,616.21,642.47393
2023-12-28T05:00:00.000000000,637.15,641.51161
2023-12-28T06:00:00.000000000,640.79,622.10279
2023-12-28T07:00:00.000000000,641.31,610.35655
2023-12-28T08:00:00.000000000,636.35,602.75508
2023-12-28T09:00:00.000000000,643.0,658.94449
2023-12-28T10:00:00.000000000,640.72,644.52319
2023-12-28T11:00:00.000000000,639.25,602.4808
2023-12-28T12:00:00.000000000,638.1,592.89709
2023-12-28T13:00:00.000000000,641.21,643.43981
2023-12-28T14:00:00.000000000,629.32,618.64166
2023-12-28T15:00:00.000000000,632.41,692.48932
2023-12-28T16:00:00.000000000,650.67,625.59858
2023-12-28T17:00:00.000000000,655.81,654.28944
2023-12-28T18:00:00.000000000,633.98,636.14519
2023-12-28T19:00:00.000000000,612.55,640.25674
2023-12-28T20:00:00.000000000,586.78,601.7842
2023-12-28T21:00:00.000000000,573.67,620.4546
2023-12-28T22:00:00.000000000,570.13,621.63909
2023-12-28T23:00:00.000000000,580.3,601.74279
2023-12-29T00:00:00.000000000,570.39,614.90893
2023-12-29T01:00:00.000000000,576.15,590.90108
2023-12-29T02:00:00.000000000,577.15,605.71136
2023-12-29T03:00:00.000000000,581.66,613.60394
2023-12-29T04:00:00.000000000,581.19,642.91184
2023-12-29T05:00:00.000000000,587.53,649.09217
2023-12-29T06:00:00.000000000,600.44,621.5095
2023-12-29T07:00:00.000000000,593.27,617.61722
2023-12-29T08:00:00.000000000,575.04,602.91169
2023-12-29T09:00:00.000000000,585.61,655.29248
2023-12-29T10:00:00.000000000,582.79,645.14081
2023-12-29T11:00:00.000000000,582.59,598.10058
2023-12-29T12:00:00.000000000,591.62,569.79492
2023-12-29T13:00:00.000000000,598.79,632.5391
2023-12-29T14:00:00.000000000,616.51,611.00124
2023-12-29T15:00:00.000000000,644.77,687.72701
2023-12-29T16:00:00.000000000,664.57,623.14013
2023-12-29T17:00:00.000000000,670.9,635.16682
2023-12-29T18:00:00.000000000,676.29,625.02819
2023-12-29T19:00:00.000000000,676.97,633.72344
2023-12-29T20:00:00.000000000,671.38,579.58985
2023-12-29T21:00:00.000000000,663.54,620.80564
2023-12-29T22:00:00.000000000,674.58,623.92988
2023-12-29T23:00:00.000000000,678.01,580.02041
2023-12-24T00:00:00.000000000,566.37,606.50192
2023-12-24T01:00:00.000000000,584.59,591.13021
2023-12-24T02:00:00.000000000,610.22,613.33255
2023-12-24T03:00:00.000000000,596.65,610.38836
2023-12-24T04:00:00.000000000,605.59,641.37048
2023-12-24T05:00:00.000000000,608.92,646.39615
2023-12-24T06:00:00.000000000,601.24,624.36849
2023-12-24T07:00:00.000000000,585.87,616.07881
2023-12-24T08:00:00.000000000,585.07,603.04637
2023-12-24T09:00:00.000000000,584.64,661.33194
2023-12-24T10:00:00.000000000,568.54,645.97628
2023-12-24T11:00:00.000000000,588.03,599.92252
2023-12-24T12:00:00.000000000,594.39,590.95504
2023-12-24T13:00:00.000000000,579.86,644.30386
2023-12-24T14:00:00.000000000,561.58,614.0775
2023-12-24T15:00:00.000000000,557.39,691.82485
2023-12-24T16:00:00.000000000,563.93,623.46271
2023-12-24T17:00:00.000000000,582.75,640.40785
2023-12-24T18:00:00.000000000,610.7,625.85308
2023-12-24T19:00:00.000000000,599.12,638.21535
2023-12-24T20:00:00.000000000,575.44,599.35835
2023-12-24T21:00:00.000000000,570.23,618.67011
2023-12-24T22:00:00.000000000,582.48,617.4247
2023-12-24T23:00:00.000000000,623.87,596.24639
2023-12-25T00:00:00.000000000,653.19,616.14625
2023-12-25T01:00:00.000000000,637.23,591.58409
2023-12-25T02:00:00.000000000,617.21,608.11194
2023-12-25T03:00:00.000000000,676.18,610.25567
2023-12-25T04:00:00.000000000,628.76,640.25393
2023-12-25T05:00:00.000000000,600.88,653.44263
2023-12-25T06:00:00.000000000,587.91,621.84916
2023-12-25T07:00:00.000000000,582.87,621.07708
2023-12-25T08:00:00.000000000,570.86,603.37684
2023-12-25T09:00:00.000000000,571.02,657.41141
2023-12-25T10:00:00.000000000,567.58,645.30215
2023-12-25T11:00:00.000000000,564.49,597.60304
2023-12-25T12:00:00.000000000,567.04,571.18294
2023-12-25T13:00:00.000000000,575.0,632.02811
2023-12-25T14:00:00.000000000,559.65,609.99293
2023-12-25T15:00:00.000000000,556.51,684.4323
2023-12-25T16:00:00.000000000,573.01,621.41493
2023-12-25T17:00:00.000000000,590.68,626.52891
2023-12-25T18:00:00.000000000,611.7,619.6431
2023-12-25T19:00:00.000000000,604.21,629.88463
2023-12-25T20:00:00.000000000,606.05,581.30496
2023-12-25T21:00:00.000000000,623.93,618.57902
2023-12-25T22:00:00.000000000,630.6,622.25558
2023-12-25T23:00:00.000000000,640.29,580.15509
2023-12-26T00:00:00.000000000,651.04,611.00728
2023-12-26T01:00:00.000000000,641.5,591.92104
2023-12-26T02:00:00.000000000,623.18,610.51812
2023-12-26T03:00:00.000000000,637.99,612.55393
2023-12-26T04:00:00.000000000,661.01,639.8212
2023-12-26T05:00:00.000000000,657.65,648.06724
2023-12-26T06:00:00.000000000,647.57,621.843
2023-12-26T07:00:00.000000000,650.66,618.43554
2023-12-26T08:00:00.000000000,639.72,602.40101
2023-12-26T09:00:00.000000000,628.85,653.58746
2023-12-26T10:00:00.000000000,617.15,642.14265
2023-12-26T11:00:00.000000000,634.28,599.52886
2023-12-26T12:00:00.000000000,654.77,578.97726
2023-12-26T13:00:00.000000000,639.84,637.72643
2023-12-26T14:00:00.000000000,639.9,603.32707
2023-12-26T15:00:00.000000000,653.38,684.36998
2023-12-26T16:00:00.000000000,637.86,620.92088
2023-12-26T17:00:00.000000000,620.75,628.34811
2023-12-26T18:00:00.000000000,626.36,621.32574
2023-12-26T19:00:00.000000000,620.24,635.41284
2023-12-26T20:00:00.000000000,629.91,586.00724
2023-12-26T21:00:00.000000000,641.44,618.47736
2023-12-26T22:00:00.000000000,649.08,616.85245
2023-12-26T23:00:00.000000000,670.27,586.15169
2023-12-27T00:00:00.000000000,672.43,617.16225
2023-12-27T01:00:00.000000000,676.48,597.33128
2023-12-27T02:00:00.000000000,693.02,610.64138
2023-12-27T03:00:00.000000000,693.46,634.59194
2023-12-27T04:00:00.000000000,687.07,655.17353
2023-12-27T05:00:00.000000000,686.75,644.42064
2023-12-27T06:00:00.000000000,693.11,624.56358
2023-12-27T07:00:00.000000000,684.8,618.88881
2023-12-27T08:00:00.000000000,679.66,608.51705
2023-12-27T09:00:00.000000000,667.97,625.2655
2023-12-27T10:00:00.000000000,654.56,626.72198
2023-12-27T11:00:00.000000000,628.28,614.71924
2023-12-27T12:00:00.000000000,601.86,570.49566
2023-12-27T13:00:00.000000000,575.34,624.46395
2023-12-27T14:00:00.000000000,567.52,592.70801
2023-12-27T15:00:00.000000000,587.51,673.93952
2023-12-27T16:00:00.000000000,598.05,632.26329
2023-12-27T17:00:00.000000000,600.77,626.14112
2023-12-27T18:00:00.000000000,613.37,638.36198
2023-12-27T19:00:00.000000000,610.79,643.1546
2023-12-27T20:00:00.000000000,614.07,584.0948
2023-12-27T21:00:00.000000000,622.82,623.67666
2023-12-27T22:00:00.000000000,609.93,626.21426
2023-12-27T23:00:00.000000000,599.84,587.1925
2023-12-28T00:00:00.000000000,608.08,614.66886
2023-12-28T01:00:00.000000000,627.67,595.70602
2023-12-28T02:00:00.000000000,597.46,618.28481
2023-12-28T03:00:00.000000000,596.99,632.5555
2023-12-28T04:00:00.000000000,616.21,658.37208
2023-12-28T05:00:00.000000000,637.15,648.3266
2023-12-28T06:00:00.000000000,640.79,627.56255
2023-12-28T07:00:00.000000000,641.31,626.38703
2023-12-28T08:00:00.000000000,636.35,610.32314
2023-12-28T09:00:00.000000000,643.0,633.74435
2023-12-28T10:00:00.000000000,640.72,636.46869
2023-12-28T11:00:00.000000000,639.25,614.43921
2023-12-28T12:00:00.000000000,638.1,588.42456
2023-12-28T13:00:00.000000000,641.21,643.88761
2023-12-28T14:00:00.000000000,629.32,602.65661
2023-12-28T15:00:00.000000000,632.41,677.20093
2023-12-28T16:00:00.000000000,650.67,632.44283
2023-12-28T17:00:00.000000000,655.81,643.42804
2023-12-28T18:00:00.000000000,633.98,635.8959
2023-12-28T19:00:00.000000000,612.55,646.93178
2023-12-28T20:00:00.000000000,586.78,601.93363
2023-12-28T21:00:00.000000000,573.67,627.7016
2023-12-28T22:00:00.000000000,570.13,620.30529
2023-12-28T23:00:00.000000000,580.3,605.2227
2023-12-29T00:00:00.000000000,570.39,628.66443
2023-12-29T01:00:00.000000000,576.15,597.06715
2023-12-29T02:00:00.000000000,577.15,611.84906
2023-12-29T03:00:00.000000000,581.66,632.06611
2023-12-29T04:00:00.000000000,581.19,651.49628
2023-12-29T05:00:00.000000000,587.53,657.11619
2023-12-29T06:00:00.000000000,600.44,624.22794
2023-12-29T07:00:00.000000000,593.27,627.60237
2023-12-29T08:00:00.000000000,575.04,607.81151
2023-12-29T09:00:00.000000000,585.61,644.28416
2023-12-29T10:00:00.000000000,582.79,637.67148
2023-12-29T11:00:00.000000000,582.59,601.61835
2023-12-29T12:00:00.000000000,591.62,559.94615
2023-12-29T13:00:00.000000000,598.79,625.84359
2023-12-29T14:00:00.000000000,616.51,597.46515
2023-12-29T15:00:00.000000000,644.77,679.68046
2023-12-29T16:00:00.000000000,664.57,622.3819
2023-12-29T17:00:00.000000000,670.9,619.51661
2023-12-29T18:00:00.000000000,676.29,626.42471
2023-12-29T19:00:00.000000000,676.97,640.79821
2023-12-29T20:00:00.000000000,671.38,575.13487
2023-12-29T21:00:00.000000000,663.54,627.12409
2023-12-29T22:00:00.000000000,674.58,621.17631
2023-12-29T23:00:00.000000000,678.01,572.76559
2023-12-30T00:00:00.000000000,656.73,623.31675
2023-12-30T01:00:00.000000000,616.45,598.45176
2023-12-30T02:00:00.000000000,612.53,617.58491
2023-12-30T03:00:00.000000000,624.79,632.62231
2023-12-30T04:00:00.000000000,629.67,658.80556
2023-12-30T05:00:00.000000000,619.0,653.54871
2023-12-30T06:00:00.000000000,632.08,629.84765
2023-12-30T07:00:00.000000000,627.81,628.32662
2023-12-30T08:00:00.000000000,629.12,615.57803
2023-12-30T09:00:00.000000000,631.53,643.24662
2023-12-30T10:00:00.000000000,634.84,642.6144
2023-12-30T11:00:00.000000000,620.49,613.50112
2023-12-30T12:00:00.000000000,623.61,578.70564
2023-12-30T13:00:00.000000000,645.14,641.70723
2023-12-30T14:00:00.000000000,654.64,602.31414
2023-12-30T15:00:00.000000000,667.3,684.1739
2023-12-30T16:00:00.000000000,690.76,628.71131
2023-12-30T17:00:00.000000000,699.32,639.81964
2023-12-30T18:00:00.000000000,691.5,633.26037
2023-12-30T19:00:00.000000000,679.21,650.66575
2023-12-30T20:00:00.000000000,673.57,593.79957
2023-12-30T21:00:00.000000000,674.52,632.08023
2023-12-30T22:00:00.000000000,683.31,623.54183
2023-12-30T23:00:00.000000000,672.29,594.06952
2023-12-25T00:00:00.000000000,653.19,621.97638
2023-12-25T01:00:00.000000000,637.23,592.68193
2023-12-25T02:00:00.000000000,617.21,609.82985
2023-12-25T03:00:00.000000000,676.18,637.03231
2023-12-25T04:00:00.000000000,628.76,654.80405
2023-12-25T05:00:00.000000000,600.88,644.24156
2023-12-25T06:00:00.000000000,587.91,622.18918
2023-12-25T07:00:00.000000000,582.87,623.64025
2023-12-25T08:00:00.000000000,570.86,603.9605
2023-12-25T09:00:00.000000000,571.02,624.91742
2023-12-25T10:00:00.000000000,567.58,629.55949
2023-12-25T11:00:00.000000000,564.49,606.57419
2023-12-25T12:00:00.000000000,567.04,564.17744
2023-12-25T13:00:00.000000000,575.0,622.17825
2023-12-25T14:00:00.000000000,559.65,593.70237
2023-12-25T15:00:00.000000000,556.51,677.56825
2023-12-25T16:00:00.000000000,573.01,627.88426
2023-12-25T17:00:00.000000000,590.68,624.25151
2023-12-25T18:00:00.000000000,611.7,635.78085
2023-12-25T19:00:00.000000000,604.21,641.91722
2023-12-25T20:00:00.000000000,606.05,581.52889
2023-12-25T21:00:00.000000000,623.93,626.78668
2023-12-25T22:00:00.000000000,630.6,619.53301
2023-12-25T23:00:00.000000000,640.29,582.04966
2023-12-26T00:00:00.000000000,651.04,636.76249
2023-12-26T01:00:00.000000000,641.5,605.32224
2023-12-26T02:00:00.000000000,623.18,628.04554
2023-12-26T03:00:00.000000000,637.99,641.7819
2023-12-26T04:00:00.000000000,661.01,673.6192
2023-12-26T05:00:00.000000000,657.65,661.88053
2023-12-26T06:00:00.000000000,647.57,637.2917
2023-12-26T07:00:00.000000000,650.66,645.17693
2023-12-26T08:00:00.000000000,639.72,622.65641
2023-12-26T09:00:00.000000000,628.85,641.7885
2023-12-26T10:00:00.000000000,617.15,644.33359
2023-12-26T11:00:00.000000000,634.28,618.16089
2023-12-26T12:00:00.000000000,654.77,577.32051
2023-12-26T13:00:00.000000000,639.84,642.43096
2023-12-26T14:00:00.000000000,639.9,602.40766
2023-12-26T15:00:00.000000000,653.38,684.1875
2023-12-26T16:00:00.000000000,637.86,636.55499
2023-12-26T17:00:00.000000000,620.75,634.36203
2023-12-26T18:00:00.000000000,626.36,639.30153
2023-12-26T19:00:00.000000000,620.24,657.52931
2023-12-26T20:00:00.000000000,629.91,594.39397
2023-12-26T21:00:00.000000000,641.44,640.2299
2023-12-26T22:00:00.000000000,649.08,626.22054
2023-12-26T23:00:00.000000000,670.27,597.22595
2023-12-27T00:00:00.000000000,672.43,621.69632
2023-12-27T01:00:00.000000000,676.48,598.8126
2023-12-27T02:00:00.000000000,693.02,612.55327
2023-12-27T03:00:00.000000000,693.46,633.06927
2023-12-27T04:00:00.000000000,687.07,651.72579
2023-12-27T05:00:00.000000000,686.75,653.90295
2023-12-27T06:00:00.000000000,693.11,622.71084
2023-12-27T07:00:00.000000000,684.8,628.58973
2023-12-27T08:00:00.000000000,679.66,608.11292
2023-12-27T09:00:00.000000000,667.97,625.92405
2023-12-27T10:00:00.000000000,654.56,625.19025
2023-12-27T11:00:00.000000000,628.28,609.11049
2023-12-27T12:00:00.000000000,601.86,562.33133
2023-12-27T13:00:00.000000000,575.34,624.6135
2023-12-27T14:00:00.000000000,567.52,583.80337
2023-12-27T15:00:00.000000000,587.51,664.40263
2023-12-27T16:00:00.000000000,598.05,628.10775
2023-12-27T17:00:00.000000000,600.77,608.95189
2023-12-27T18:00:00.000000000,613.37,624.44113
2023-12-27T19:00:00.000000000,610.79,636.51054
2023-12-27T20:00:00.000000000,614.07,573.13764
2023-12-27T21:00:00.000000000,622.82,622.69479
2023-12-27T22:00:00.000000000,609.93,622.76154
2023-12-27T23:00:00.000000000,599.84,578.11588
2023-12-28T00:00:00.000000000,608.08,626.5135
2023-12-28T01:00:00.000000000,627.67,603.45498
2023-12-28T02:00:00.000000000,597.46,627.03623
2023-12-28T03:00:00.000000000,596.99,633.23992
2023-12-28T04:00:00.000000000,616.21,653.82068
2023-12-28T05:00:00.000000000,637.15,657.05621
2023-12-28T06:00:00.000000000,640.79,627.9202
2023-12-28T07:00:00.000000000,641.31,638.49437
2023-12-28T08:00:00.000000000,636.35,616.35942
2023-12-28T09:00:00.000000000,643.0,624.5014
2023-12-28T10:00:00.000000000,640.72,627.69474
2023-12-28T11:00:00.000000000,639.25,614.81746
2023-12-28T12:00:00.000000000,638.1,583.12554
2023-12-28T13:00:00.000000000,641.21,640.24647
2023-12-28T14:00:00.000000000,629.32,580.42671
2023-12-28T15:00:00.000000000,632.41,653.31842
2023-12-28T16:00:00.000000000,650.67,628.22413
2023-12-28T17:00:00.000000000,655.81,603.01681
2023-12-28T18:00:00.000000000,633.98,613.38784
2023-12-28T19:00:00.000000000,612.55,640.79518
2023-12-28T20:00:00.000000000,586.78,587.13955
2023-12-28T21:00:00.000000000,573.67,622.13076
2023-12-28T22:00:00.000000000,570.13,609.71643
2023-12-28T23:00:00.000000000,580.3,589.12223
2023-12-29T00:00:00.000000000,570.39,617.6326
2023-12-29T01:00:00.000000000,576.15,600.79733
2023-12-29T02:00:00.000000000,577.15,618.29441
2023-12-29T03:00:00.000000000,581.66,632.82368
2023-12-29T04:00:00.000000000,581.19,647.68136
2023-12-29T05:00:00.000000000,587.53,639.30926
2023-12-29T06:00:00.000000000,600.44,615.0618
2023-12-29T07:00:00.000000000,593.27,618.99555
2023-12-29T08:00:00.000000000,575.04,604.06884
2023-12-29T09:00:00.000000000,585.61,622.421
2023-12-29T10:00:00.000000000,582.79,622.11306
2023-12-29T11:00:00.000000000,582.59,604.07893
2023-12-29T12:00:00.000000000,591.62,578.10292
2023-12-29T13:00:00.000000000,598.79,627.25975
2023-12-29T14:00:00.000000000,616.51,586.04006
2023-12-29T15:00:00.000000000,644.77,662.23674
2023-12-29T16:00:00.000000000,664.57,619.59724
2023-12-29T17:00:00.000000000,670.9,611.63841
2023-12-29T18:00:00.000000000,676.29,627.54161
2023-12-29T19:00:00.000000000,676.97,645.85985
2023-12-29T20:00:00.000000000,671.38,581.34519
2023-12-29T21:00:00.000000000,663.54,612.51654
2023-12-29T22:00:00.000000000,674.58,605.10936
2023-12-29T23:00:00.000000000,678.01,581.88924
2023-12-30T00:00:00.000000000,656.73,604.00232
2023-12-30T01:00:00.000000000,616.45,592.48813
2023-12-30T02:00:00.000000000,612.53,611.44522
2023-12-30T03:00:00.000000000,624.79,609.60341
2023-12-30T04:00:00.000000000,629.67,636.54391
2023-12-30T05:00:00.000000000,619.0,640.78283
2023-12-30T06:00:00.000000000,632.08,619.20861
2023-12-30T07:00:00.000000000,627.81,616.56062
2023-12-30T08:00:00.000000000,629.12,601.23625
2023-12-30T09:00:00.000000000,631.53,644.12548
2023-12-30T10:00:00.000000000,634.84,635.28707
2023-12-30T11:00:00.000000000,620.49,598.67008
2023-12-30T12:00:00.000000000,623.61,588.32863
2023-12-30T13:00:00.000000000,645.14,640.1135
2023-12-30T14:00:00.000000000,654.64,599.86729
2023-12-30T15:00:00.000000000,667.3,675.65575
2023-12-30T16:00:00.000000000,690.76,621.69493
2023-12-30T17:00:00.000000000,699.32,627.24229
2023-12-30T18:00:00.000000000,691.5,619.90738
2023-12-30T19:00:00.000000000,679.21,634.66265
2023-12-30T20:00:00.000000000,673.57,591.65245
2023-12-30T21:00:00.000000000,674.52,613.84577
2023-12-30T22:00:00.000000000,683.31,610.71085
2023-12-30T23:00:00.000000000,672.29,593.28283
2023-12-31T00:00:00.000000000,644.49,618.37388
2023-12-31T01:00:00.000000000,618.78,597.25342
2023-12-31T02:00:00.000000000,628.86,618.67147
2023-12-31T03:00:00.000000000,611.93,619.67101
2023-12-31T04:00:00.000000000,627.34,645.86025
2023-12-31T05:00:00.000000000,616.08,652.40859
2023-12-31T06:00:00.000000000,633.79,622.80888
2023-12-31T07:00:00.000000000,614.18,626.81114
2023-12-31T08:00:00.000000000,589.0,608.127
2023-12-31T09:00:00.000000000,579.25,646.93071
2023-12-31T10:00:00.000000000,576.76,634.97447
2023-12-31T11:00:00.000000000,573.87,601.88965
2023-12-31T12:00:00.000000000,583.82,578.43478
2023-12-31T13:00:00.000000000,589.44,633.95078
2023-12-31T14:00:00.000000000,591.55,599.34953
2023-12-31T15:00:00.000000000,608.81,673.98718
2023-12-31T16:00:00.000000000,623.66,625.32609
2023-12-31T17:00:00.000000000,614.01,616.97212
2023-12-31T18:00:00.000000000,625.43,619.48237
2023-12-31T19:00:00.000000000,639.59,636.24112
2023-12-31T20:00:00.000000000,639.33,583.72321
2023-12-31T21:00:00.000000000,647.86,618.68559
2023-12-31T22:00:00.000000000,657.93,616.48569
2023-12-31T23:00:00.000000000,660.77,582.27463
